image_path,instruction,action,label
data/raw/images/img_00000.jpg,pick up the red block,PICK,0
data/raw/images/img_00001.jpg,put the object down carefully,PLACE,1
data/raw/images/img_00002.jpg,move the cube away,PUSH,2
data/raw/images/img_00003.jpg,unlock and open the box,OPEN,3
data/raw/images/img_00004.jpg,close the cabinet,CLOSE,4
data/raw/images/img_00005.jpg,pick up the red block,PICK,0
data/raw/images/img_00006.jpg,put the object down carefully,PLACE,1
data/raw/images/img_00007.jpg,move the cube away,PUSH,2
data/raw/images/img_00008.jpg,unlock and open the box,OPEN,3
data/raw/images/img_00009.jpg,close the cabinet,CLOSE,4
data/raw/images/img_00010.jpg,pick up the red block,PICK,0
data/raw/images/img_00011.jpg,put the object down carefully,PLACE,1
data/raw/images/img_00012.jpg,move the cube away,PUSH,2
data/raw/images/img_00013.jpg,unlock and open the box,OPEN,3
data/raw/images/img_00014.jpg,close the cabinet,CLOSE,4
data/raw/images/img_00015.jpg,pick up the red block,PICK,0
data/raw/images/img_00016.jpg,put the object down carefully,PLACE,1
data/raw/images/img_00017.jpg,move the cube away,PUSH,2
data/raw/images/img_00018.jpg,unlock and open the box,OPEN,3
data/raw/images/img_00019.jpg,close the cabinet,CLOSE,4
data/raw/images/img_00020.jpg,pick up the red block,PICK,0
data/raw/images/img_00021.jpg,put the object down carefully,PLACE,1
data/raw/images/img_00022.jpg,move the cube away,PUSH,2
data/raw/images/img_00023.jpg,unlock and open the box,OPEN,3
data/raw/images/img_00024.jpg,close the cabinet,CLOSE,4
data/raw/images/img_00025.jpg,pick up the red block,PICK,0
data/raw/images/img_00026.jpg,put the object down carefully,PLACE,1
data/raw/images/img_00027.jpg,move the cube away,PUSH,2
data/raw/images/img_00028.jpg,unlock and open the box,OPEN,3
data/raw/images/img_00029.jpg,close the cabinet,CLOSE,4
data/raw/images/img_00030.jpg,pick up the red block,PICK,0
data/raw/images/img_00031.jpg,put the object down carefully,PLACE,1
data/raw/images/img_00032.jpg,move the cube away,PUSH,2
data/raw/images/img_00033.jpg,unlock and open the box,OPEN,3
data/raw/images/img_00034.jpg,close the cabinet,CLOSE,4
data/raw/images/img_00035.jpg,pick up the red block,PICK,0
data/raw/images/img_00036.jpg,put the object down carefully,PLACE,1
data/raw/images/img_00037.jpg,move the cube away,PUSH,2
data/raw/images/img_00038.jpg,unlock and open the box,OPEN,3
data/raw/images/img_00039.jpg,close the cabinet,CLOSE,4
data/raw/images/img_00040.jpg,pick up the red block,PICK,0
data/raw/images/img_00041.jpg,put the object down carefully,PLACE,1
data/raw/images/img_00042.jpg,move the cube away,PUSH,2
data/raw/images/img_00043.jpg,unlock and open the box,OPEN,3
data/raw/images/img_00044.jpg,close the cabinet,CLOSE,4
data/raw/images/img_00045.jpg,pick up the red block,PICK,0
data/raw/images/img_00046.jpg,put the object down carefully,PLACE,1
data/raw/images/img_00047.jpg,move the cube away,PUSH,2
data/raw/images/img_00048.jpg,unlock and open the box,OPEN,3
data/raw/images/img_00049.jpg,close the cabinet,CLOSE,4
data/raw/images/img_00050.jpg,pick up the red block,PICK,0
data/raw/images/img_00051.jpg,put the object down carefully,PLACE,1
data/raw/images/img_00052.jpg,move the cube away,PUSH,2
data/raw/images/img_00053.jpg,unlock and open the box,OPEN,3
data/raw/images/img_00054.jpg,close the cabinet,CLOSE,4
data/raw/images/img_00055.jpg,pick up the red block,PICK,0
data/raw/images/img_00056.jpg,put the object down carefully,PLACE,1
data/raw/images/img_00057.jpg,move the cube away,PUSH,2
data/raw/images/img_00058.jpg,unlock and open the box,OPEN,3
data/raw/images/img_00059.jpg,close the cabinet,CLOSE,4
data/raw/images/img_00060.jpg,pick up the red block,PICK,0
data/raw/images/img_00061.jpg,put the object down carefully,PLACE,1
data/raw/images/img_00062.jpg,move the cube away,PUSH,2
data/raw/images/img_00063.jpg,unlock and open the box,OPEN,3
data/raw/images/img_00064.jpg,close the cabinet,CLOSE,4
data/raw/images/img_00065.jpg,pick up the red block,PICK,0
data/raw/images/img_00066.jpg,put the object down carefully,PLACE,1
data/raw/images/img_00067.jpg,move the cube away,PUSH,2
data/raw/images/img_00068.jpg,unlock and open the box,OPEN,3
data/raw/images/img_00069.jpg,close the cabinet,CLOSE,4
data/raw/images/img_00070.jpg,pick up the red block,PICK,0
data/raw/images/img_00071.jpg,put the object down carefully,PLACE,1
data/raw/images/img_00072.jpg,move the cube away,PUSH,2
data/raw/images/img_00073.jpg,unlock and open the box,OPEN,3
data/raw/images/img_00074.jpg,close the cabinet,CLOSE,4
data/raw/images/img_00075.jpg,pick up the red block,PICK,0
data/raw/images/img_00076.jpg,put the object down carefully,PLACE,1
data/raw/images/img_00077.jpg,move the cube away,PUSH,2
data/raw/images/img_00078.jpg,unlock and open the box,OPEN,3
data/raw/images/img_00079.jpg,close the cabinet,CLOSE,4
data/raw/images/img_00080.jpg,pick up the red block,PICK,0
data/raw/images/img_00081.jpg,put the object down carefully,PLACE,1
data/raw/images/img_00082.jpg,move the cube away,PUSH,2
data/raw/images/img_00083.jpg,unlock and open the box,OPEN,3
data/raw/images/img_00084.jpg,close the cabinet,CLOSE,4
data/raw/images/img_00085.jpg,pick up the red block,PICK,0
data/raw/images/img_00086.jpg,put the object down carefully,PLACE,1
data/raw/images/img_00087.jpg,move the cube away,PUSH,2
data/raw/images/img_00088.jpg,unlock and open the box,OPEN,3
data/raw/images/img_00089.jpg,close the cabinet,CLOSE,4
data/raw/images/img_00090.jpg,pick up the red block,PICK,0
data/raw/images/img_00091.jpg,put the object down carefully,PLACE,1
data/raw/images/img_00092.jpg,move the cube away,PUSH,2
data/raw/images/img_00093.jpg,unlock and open the box,OPEN,3
data/raw/images/img_00094.jpg,close the cabinet,CLOSE,4
data/raw/images/img_00095.jpg,pick up the red block,PICK,0
data/raw/images/img_00096.jpg,put the object down carefully,PLACE,1
data/raw/images/img_00097.jpg,move the cube away,PUSH,2
data/raw/images/img_00098.jpg,unlock and open the box,OPEN,3
data/raw/images/img_00099.jpg,close the cabinet,CLOSE,4
data/raw/images/img_00100.jpg,pick up the red block,PICK,0
data/raw/images/img_00101.jpg,put the object down carefully,PLACE,1
data/raw/images/img_00102.jpg,move the cube away,PUSH,2
data/raw/images/img_00103.jpg,unlock and open the box,OPEN,3
data/raw/images/img_00104.jpg,close the cabinet,CLOSE,4
data/raw/images/img_00105.jpg,pick up the red block,PICK,0
data/raw/images/img_00106.jpg,put the object down carefully,PLACE,1
data/raw/images/img_00107.jpg,move the cube away,PUSH,2
data/raw/images/img_00108.jpg,unlock and open the box,OPEN,3
data/raw/images/img_00109.jpg,close the cabinet,CLOSE,4
data/raw/images/img_00110.jpg,pick up the red block,PICK,0
data/raw/images/img_00111.jpg,put the object down carefully,PLACE,1
data/raw/images/img_00112.jpg,move the cube away,PUSH,2
data/raw/images/img_00113.jpg,unlock and open the box,OPEN,3
data/raw/images/img_00114.jpg,close the cabinet,CLOSE,4
data/raw/images/img_00115.jpg,pick up the red block,PICK,0
data/raw/images/img_00116.jpg,put the object down carefully,PLACE,1
data/raw/images/img_00117.jpg,move the cube away,PUSH,2
data/raw/images/img_00118.jpg,unlock and open the box,OPEN,3
data/raw/images/img_00119.jpg,close the cabinet,CLOSE,4
data/raw/images/img_00120.jpg,pick up the red block,PICK,0
data/raw/images/img_00121.jpg,put the object down carefully,PLACE,1
data/raw/images/img_00122.jpg,move the cube away,PUSH,2
data/raw/images/img_00123.jpg,unlock and open the box,OPEN,3
data/raw/images/img_00124.jpg,close the cabinet,CLOSE,4
data/raw/images/img_00125.jpg,pick up the red block,PICK,0
data/raw/images/img_00126.jpg,put the object down carefully,PLACE,1
data/raw/images/img_00127.jpg,move the cube away,PUSH,2
data/raw/images/img_00128.jpg,unlock and open the box,OPEN,3
data/raw/images/img_00129.jpg,close the cabinet,CLOSE,4
data/raw/images/img_00130.jpg,pick up the red block,PICK,0
data/raw/images/img_00131.jpg,put the object down carefully,PLACE,1
data/raw/images/img_00132.jpg,move the cube away,PUSH,2
data/raw/images/img_00133.jpg,unlock and open the box,OPEN,3
data/raw/images/img_00134.jpg,close the cabinet,CLOSE,4
data/raw/images/img_00135.jpg,pick up the red block,PICK,0
data/raw/images/img_00136.jpg,put the object down carefully,PLACE,1
data/raw/images/img_00137.jpg,move the cube away,PUSH,2
data/raw/images/img_00138.jpg,unlock and open the box,OPEN,3
data/raw/images/img_00139.jpg,close the cabinet,CLOSE,4
data/raw/images/img_00140.jpg,pick up the red block,PICK,0
data/raw/images/img_00141.jpg,put the object down carefully,PLACE,1
data/raw/images/img_00142.jpg,move the cube away,PUSH,2
data/raw/images/img_00143.jpg,unlock and open the box,OPEN,3
data/raw/images/img_00144.jpg,close the cabinet,CLOSE,4
data/raw/images/img_00145.jpg,pick up the red block,PICK,0
data/raw/images/img_00146.jpg,put the object down carefully,PLACE,1
data/raw/images/img_00147.jpg,move the cube away,PUSH,2
data/raw/images/img_00148.jpg,unlock and open the box,OPEN,3
data/raw/images/img_00149.jpg,close the cabinet,CLOSE,4
data/raw/images/img_00150.jpg,pick up the red block,PICK,0
data/raw/images/img_00151.jpg,put the object down carefully,PLACE,1
data/raw/images/img_00152.jpg,move the cube away,PUSH,2
data/raw/images/img_00153.jpg,unlock and open the box,OPEN,3
data/raw/images/img_00154.jpg,close the cabinet,CLOSE,4
data/raw/images/img_00155.jpg,pick up the red block,PICK,0
data/raw/images/img_00156.jpg,put the object down carefully,PLACE,1
data/raw/images/img_00157.jpg,move the cube away,PUSH,2
data/raw/images/img_00158.jpg,unlock and open the box,OPEN,3
data/raw/images/img_00159.jpg,close the cabinet,CLOSE,4
data/raw/images/img_00160.jpg,pick up the red block,PICK,0
data/raw/images/img_00161.jpg,put the object down carefully,PLACE,1
data/raw/images/img_00162.jpg,move the cube away,PUSH,2
data/raw/images/img_00163.jpg,unlock and open the box,OPEN,3
data/raw/images/img_00164.jpg,close the cabinet,CLOSE,4
data/raw/images/img_00165.jpg,pick up the red block,PICK,0
data/raw/images/img_00166.jpg,put the object down carefully,PLACE,1
data/raw/images/img_00167.jpg,move the cube away,PUSH,2
data/raw/images/img_00168.jpg,unlock and open the box,OPEN,3
data/raw/images/img_00169.jpg,close the cabinet,CLOSE,4
data/raw/images/img_00170.jpg,pick up the red block,PICK,0
data/raw/images/img_00171.jpg,put the object down carefully,PLACE,1
data/raw/images/img_00172.jpg,move the cube away,PUSH,2
data/raw/images/img_00173.jpg,unlock and open the box,OPEN,3
data/raw/images/img_00174.jpg,close the cabinet,CLOSE,4
data/raw/images/img_00175.jpg,pick up the red block,PICK,0
data/raw/images/img_00176.jpg,put the object down carefully,PLACE,1
data/raw/images/img_00177.jpg,move the cube away,PUSH,2
data/raw/images/img_00178.jpg,unlock and open the box,OPEN,3
data/raw/images/img_00179.jpg,close the cabinet,CLOSE,4
data/raw/images/img_00180.jpg,pick up the red block,PICK,0
data/raw/images/img_00181.jpg,put the object down carefully,PLACE,1
data/raw/images/img_00182.jpg,move the cube away,PUSH,2
data/raw/images/img_00183.jpg,unlock and open the box,OPEN,3
data/raw/images/img_00184.jpg,close the cabinet,CLOSE,4
data/raw/images/img_00185.jpg,pick up the red block,PICK,0
data/raw/images/img_00186.jpg,put the object down carefully,PLACE,1
data/raw/images/img_00187.jpg,move the cube away,PUSH,2
data/raw/images/img_00188.jpg,unlock and open the box,OPEN,3
data/raw/images/img_00189.jpg,close the cabinet,CLOSE,4
data/raw/images/img_00190.jpg,pick up the red block,PICK,0
data/raw/images/img_00191.jpg,put the object down carefully,PLACE,1
data/raw/images/img_00192.jpg,move the cube away,PUSH,2
data/raw/images/img_00193.jpg,unlock and open the box,OPEN,3
data/raw/images/img_00194.jpg,close the cabinet,CLOSE,4
data/raw/images/img_00195.jpg,pick up the red block,PICK,0
data/raw/images/img_00196.jpg,put the object down carefully,PLACE,1
data/raw/images/img_00197.jpg,move the cube away,PUSH,2
data/raw/images/img_00198.jpg,unlock and open the box,OPEN,3
data/raw/images/img_00199.jpg,close the cabinet,CLOSE,4
data/raw/images/img_00200.jpg,pick up the red block,PICK,0
data/raw/images/img_00201.jpg,put the object down carefully,PLACE,1
data/raw/images/img_00202.jpg,move the cube away,PUSH,2
data/raw/images/img_00203.jpg,unlock and open the box,OPEN,3
data/raw/images/img_00204.jpg,close the cabinet,CLOSE,4
data/raw/images/img_00205.jpg,pick up the red block,PICK,0
data/raw/images/img_00206.jpg,put the object down carefully,PLACE,1
data/raw/images/img_00207.jpg,move the cube away,PUSH,2
data/raw/images/img_00208.jpg,unlock and open the box,OPEN,3
data/raw/images/img_00209.jpg,close the cabinet,CLOSE,4
data/raw/images/img_00210.jpg,pick up the red block,PICK,0
data/raw/images/img_00211.jpg,put the object down carefully,PLACE,1
data/raw/images/img_00212.jpg,move the cube away,PUSH,2
data/raw/images/img_00213.jpg,unlock and open the box,OPEN,3
data/raw/images/img_00214.jpg,close the cabinet,CLOSE,4
data/raw/images/img_00215.jpg,pick up the red block,PICK,0
data/raw/images/img_00216.jpg,put the object down carefully,PLACE,1
data/raw/images/img_00217.jpg,move the cube away,PUSH,2
data/raw/images/img_00218.jpg,unlock and open the box,OPEN,3
data/raw/images/img_00219.jpg,close the cabinet,CLOSE,4
data/raw/images/img_00220.jpg,pick up the red block,PICK,0
data/raw/images/img_00221.jpg,put the object down carefully,PLACE,1
data/raw/images/img_00222.jpg,move the cube away,PUSH,2
data/raw/images/img_00223.jpg,unlock and open the box,OPEN,3
data/raw/images/img_00224.jpg,close the cabinet,CLOSE,4
data/raw/images/img_00225.jpg,pick up the red block,PICK,0
data/raw/images/img_00226.jpg,put the object down carefully,PLACE,1
data/raw/images/img_00227.jpg,move the cube away,PUSH,2
data/raw/images/img_00228.jpg,unlock and open the box,OPEN,3
data/raw/images/img_00229.jpg,close the cabinet,CLOSE,4
data/raw/images/img_00230.jpg,pick up the red block,PICK,0
data/raw/images/img_00231.jpg,put the object down carefully,PLACE,1
data/raw/images/img_00232.jpg,move the cube away,PUSH,2
data/raw/images/img_00233.jpg,unlock and open the box,OPEN,3
data/raw/images/img_00234.jpg,close the cabinet,CLOSE,4
data/raw/images/img_00235.jpg,pick up the red block,PICK,0
data/raw/images/img_00236.jpg,put the object down carefully,PLACE,1
data/raw/images/img_00237.jpg,move the cube away,PUSH,2
data/raw/images/img_00238.jpg,unlock and open the box,OPEN,3
data/raw/images/img_00239.jpg,close the cabinet,CLOSE,4
data/raw/images/img_00240.jpg,pick up the red block,PICK,0
data/raw/images/img_00241.jpg,put the object down carefully,PLACE,1
data/raw/images/img_00242.jpg,move the cube away,PUSH,2
data/raw/images/img_00243.jpg,unlock and open the box,OPEN,3
data/raw/images/img_00244.jpg,close the cabinet,CLOSE,4
data/raw/images/img_00245.jpg,pick up the red block,PICK,0
data/raw/images/img_00246.jpg,put the object down carefully,PLACE,1
data/raw/images/img_00247.jpg,move the cube away,PUSH,2
data/raw/images/img_00248.jpg,unlock and open the box,OPEN,3
data/raw/images/img_00249.jpg,close the cabinet,CLOSE,4
data/raw/images/img_00250.jpg,pick up the red block,PICK,0
data/raw/images/img_00251.jpg,put the object down carefully,PLACE,1
data/raw/images/img_00252.jpg,move the cube away,PUSH,2
data/raw/images/img_00253.jpg,unlock and open the box,OPEN,3
data/raw/images/img_00254.jpg,close the cabinet,CLOSE,4
data/raw/images/img_00255.jpg,pick up the red block,PICK,0
data/raw/images/img_00256.jpg,put the object down carefully,PLACE,1
data/raw/images/img_00257.jpg,move the cube away,PUSH,2
data/raw/images/img_00258.jpg,unlock and open the box,OPEN,3
data/raw/images/img_00259.jpg,close the cabinet,CLOSE,4
data/raw/images/img_00260.jpg,pick up the red block,PICK,0
data/raw/images/img_00261.jpg,put the object down carefully,PLACE,1
data/raw/images/img_00262.jpg,move the cube away,PUSH,2
data/raw/images/img_00263.jpg,unlock and open the box,OPEN,3
data/raw/images/img_00264.jpg,close the cabinet,CLOSE,4
data/raw/images/img_00265.jpg,pick up the red block,PICK,0
data/raw/images/img_00266.jpg,put the object down carefully,PLACE,1
data/raw/images/img_00267.jpg,move the cube away,PUSH,2
data/raw/images/img_00268.jpg,unlock and open the box,OPEN,3
data/raw/images/img_00269.jpg,close the cabinet,CLOSE,4
data/raw/images/img_00270.jpg,pick up the red block,PICK,0
data/raw/images/img_00271.jpg,put the object down carefully,PLACE,1
data/raw/images/img_00272.jpg,move the cube away,PUSH,2
data/raw/images/img_00273.jpg,unlock and open the box,OPEN,3
data/raw/images/img_00274.jpg,close the cabinet,CLOSE,4
data/raw/images/img_00275.jpg,pick up the red block,PICK,0
data/raw/images/img_00276.jpg,put the object down carefully,PLACE,1
data/raw/images/img_00277.jpg,move the cube away,PUSH,2
data/raw/images/img_00278.jpg,unlock and open the box,OPEN,3
data/raw/images/img_00279.jpg,close the cabinet,CLOSE,4
data/raw/images/img_00280.jpg,pick up the red block,PICK,0
data/raw/images/img_00281.jpg,put the object down carefully,PLACE,1
data/raw/images/img_00282.jpg,move the cube away,PUSH,2
data/raw/images/img_00283.jpg,unlock and open the box,OPEN,3
data/raw/images/img_00284.jpg,close the cabinet,CLOSE,4
data/raw/images/img_00285.jpg,pick up the red block,PICK,0
data/raw/images/img_00286.jpg,put the object down carefully,PLACE,1
data/raw/images/img_00287.jpg,move the cube away,PUSH,2
data/raw/images/img_00288.jpg,unlock and open the box,OPEN,3
data/raw/images/img_00289.jpg,close the cabinet,CLOSE,4
data/raw/images/img_00290.jpg,pick up the red block,PICK,0
data/raw/images/img_00291.jpg,put the object down carefully,PLACE,1
data/raw/images/img_00292.jpg,move the cube away,PUSH,2
data/raw/images/img_00293.jpg,unlock and open the box,OPEN,3
data/raw/images/img_00294.jpg,close the cabinet,CLOSE,4
data/raw/images/img_00295.jpg,pick up the red block,PICK,0
data/raw/images/img_00296.jpg,put the object down carefully,PLACE,1
data/raw/images/img_00297.jpg,move the cube away,PUSH,2
data/raw/images/img_00298.jpg,unlock and open the box,OPEN,3
data/raw/images/img_00299.jpg,close the cabinet,CLOSE,4
data/raw/images/img_00300.jpg,pick up the red block,PICK,0
data/raw/images/img_00301.jpg,put the object down carefully,PLACE,1
data/raw/images/img_00302.jpg,move the cube away,PUSH,2
data/raw/images/img_00303.jpg,unlock and open the box,OPEN,3
data/raw/images/img_00304.jpg,close the cabinet,CLOSE,4
data/raw/images/img_00305.jpg,pick up the red block,PICK,0
data/raw/images/img_00306.jpg,put the object down carefully,PLACE,1
data/raw/images/img_00307.jpg,move the cube away,PUSH,2
data/raw/images/img_00308.jpg,unlock and open the box,OPEN,3
data/raw/images/img_00309.jpg,close the cabinet,CLOSE,4
data/raw/images/img_00310.jpg,pick up the red block,PICK,0
data/raw/images/img_00311.jpg,put the object down carefully,PLACE,1
data/raw/images/img_00312.jpg,move the cube away,PUSH,2
data/raw/images/img_00313.jpg,unlock and open the box,OPEN,3
data/raw/images/img_00314.jpg,close the cabinet,CLOSE,4
data/raw/images/img_00315.jpg,pick up the red block,PICK,0
data/raw/images/img_00316.jpg,put the object down carefully,PLACE,1
data/raw/images/img_00317.jpg,move the cube away,PUSH,2
data/raw/images/img_00318.jpg,unlock and open the box,OPEN,3
data/raw/images/img_00319.jpg,close the cabinet,CLOSE,4
data/raw/images/img_00320.jpg,pick up the red block,PICK,0
data/raw/images/img_00321.jpg,put the object down carefully,PLACE,1
data/raw/images/img_00322.jpg,move the cube away,PUSH,2
data/raw/images/img_00323.jpg,unlock and open the box,OPEN,3
data/raw/images/img_00324.jpg,close the cabinet,CLOSE,4
data/raw/images/img_00325.jpg,pick up the red block,PICK,0
data/raw/images/img_00326.jpg,put the object down carefully,PLACE,1
data/raw/images/img_00327.jpg,move the cube away,PUSH,2
data/raw/images/img_00328.jpg,unlock and open the box,OPEN,3
data/raw/images/img_00329.jpg,close the cabinet,CLOSE,4
data/raw/images/img_00330.jpg,pick up the red block,PICK,0
data/raw/images/img_00331.jpg,put the object down carefully,PLACE,1
data/raw/images/img_00332.jpg,move the cube away,PUSH,2
data/raw/images/img_00333.jpg,unlock and open the box,OPEN,3
data/raw/images/img_00334.jpg,close the cabinet,CLOSE,4
data/raw/images/img_00335.jpg,pick up the red block,PICK,0
data/raw/images/img_00336.jpg,put the object down carefully,PLACE,1
data/raw/images/img_00337.jpg,move the cube away,PUSH,2
data/raw/images/img_00338.jpg,unlock and open the box,OPEN,3
data/raw/images/img_00339.jpg,close the cabinet,CLOSE,4
data/raw/images/img_00340.jpg,pick up the red block,PICK,0
data/raw/images/img_00341.jpg,put the object down carefully,PLACE,1
data/raw/images/img_00342.jpg,move the cube away,PUSH,2
data/raw/images/img_00343.jpg,unlock and open the box,OPEN,3
data/raw/images/img_00344.jpg,close the cabinet,CLOSE,4
data/raw/images/img_00345.jpg,pick up the red block,PICK,0
data/raw/images/img_00346.jpg,put the object down carefully,PLACE,1
data/raw/images/img_00347.jpg,move the cube away,PUSH,2
data/raw/images/img_00348.jpg,unlock and open the box,OPEN,3
data/raw/images/img_00349.jpg,close the cabinet,CLOSE,4
data/raw/images/img_00350.jpg,pick up the red block,PICK,0
data/raw/images/img_00351.jpg,put the object down carefully,PLACE,1
data/raw/images/img_00352.jpg,move the cube away,PUSH,2
data/raw/images/img_00353.jpg,unlock and open the box,OPEN,3
data/raw/images/img_00354.jpg,close the cabinet,CLOSE,4
data/raw/images/img_00355.jpg,pick up the red block,PICK,0
data/raw/images/img_00356.jpg,put the object down carefully,PLACE,1
data/raw/images/img_00357.jpg,move the cube away,PUSH,2
data/raw/images/img_00358.jpg,unlock and open the box,OPEN,3
data/raw/images/img_00359.jpg,close the cabinet,CLOSE,4
data/raw/images/img_00360.jpg,pick up the red block,PICK,0
data/raw/images/img_00361.jpg,put the object down carefully,PLACE,1
data/raw/images/img_00362.jpg,move the cube away,PUSH,2
data/raw/images/img_00363.jpg,unlock and open the box,OPEN,3
data/raw/images/img_00364.jpg,close the cabinet,CLOSE,4
data/raw/images/img_00365.jpg,pick up the red block,PICK,0
data/raw/images/img_00366.jpg,put the object down carefully,PLACE,1
data/raw/images/img_00367.jpg,move the cube away,PUSH,2
data/raw/images/img_00368.jpg,unlock and open the box,OPEN,3
data/raw/images/img_00369.jpg,close the cabinet,CLOSE,4
data/raw/images/img_00370.jpg,pick up the red block,PICK,0
data/raw/images/img_00371.jpg,put the object down carefully,PLACE,1
data/raw/images/img_00372.jpg,move the cube away,PUSH,2
data/raw/images/img_00373.jpg,unlock and open the box,OPEN,3
data/raw/images/img_00374.jpg,close the cabinet,CLOSE,4
data/raw/images/img_00375.jpg,pick up the red block,PICK,0
data/raw/images/img_00376.jpg,put the object down carefully,PLACE,1
data/raw/images/img_00377.jpg,move the cube away,PUSH,2
data/raw/images/img_00378.jpg,unlock and open the box,OPEN,3
data/raw/images/img_00379.jpg,close the cabinet,CLOSE,4
data/raw/images/img_00380.jpg,pick up the red block,PICK,0
data/raw/images/img_00381.jpg,put the object down carefully,PLACE,1
data/raw/images/img_00382.jpg,move the cube away,PUSH,2
data/raw/images/img_00383.jpg,unlock and open the box,OPEN,3
data/raw/images/img_00384.jpg,close the cabinet,CLOSE,4
data/raw/images/img_00385.jpg,pick up the red block,PICK,0
data/raw/images/img_00386.jpg,put the object down carefully,PLACE,1
data/raw/images/img_00387.jpg,move the cube away,PUSH,2
data/raw/images/img_00388.jpg,unlock and open the box,OPEN,3
data/raw/images/img_00389.jpg,close the cabinet,CLOSE,4
data/raw/images/img_00390.jpg,pick up the red block,PICK,0
data/raw/images/img_00391.jpg,put the object down carefully,PLACE,1
data/raw/images/img_00392.jpg,move the cube away,PUSH,2
data/raw/images/img_00393.jpg,unlock and open the box,OPEN,3
data/raw/images/img_00394.jpg,close the cabinet,CLOSE,4
data/raw/images/img_00395.jpg,pick up the red block,PICK,0
data/raw/images/img_00396.jpg,put the object down carefully,PLACE,1
data/raw/images/img_00397.jpg,move the cube away,PUSH,2
data/raw/images/img_00398.jpg,unlock and open the box,OPEN,3
data/raw/images/img_00399.jpg,close the cabinet,CLOSE,4
data/raw/images/img_00400.jpg,pick up the red block,PICK,0
data/raw/images/img_00401.jpg,put the object down carefully,PLACE,1
data/raw/images/img_00402.jpg,move the cube away,PUSH,2
data/raw/images/img_00403.jpg,unlock and open the box,OPEN,3
data/raw/images/img_00404.jpg,close the cabinet,CLOSE,4
data/raw/images/img_00405.jpg,pick up the red block,PICK,0
data/raw/images/img_00406.jpg,put the object down carefully,PLACE,1
data/raw/images/img_00407.jpg,move the cube away,PUSH,2
data/raw/images/img_00408.jpg,unlock and open the box,OPEN,3
data/raw/images/img_00409.jpg,close the cabinet,CLOSE,4
data/raw/images/img_00410.jpg,pick up the red block,PICK,0
data/raw/images/img_00411.jpg,put the object down carefully,PLACE,1
data/raw/images/img_00412.jpg,move the cube away,PUSH,2
data/raw/images/img_00413.jpg,unlock and open the box,OPEN,3
data/raw/images/img_00414.jpg,close the cabinet,CLOSE,4
data/raw/images/img_00415.jpg,pick up the red block,PICK,0
data/raw/images/img_00416.jpg,put the object down carefully,PLACE,1
data/raw/images/img_00417.jpg,move the cube away,PUSH,2
data/raw/images/img_00418.jpg,unlock and open the box,OPEN,3
data/raw/images/img_00419.jpg,close the cabinet,CLOSE,4
data/raw/images/img_00420.jpg,pick up the red block,PICK,0
data/raw/images/img_00421.jpg,put the object down carefully,PLACE,1
data/raw/images/img_00422.jpg,move the cube away,PUSH,2
data/raw/images/img_00423.jpg,unlock and open the box,OPEN,3
data/raw/images/img_00424.jpg,close the cabinet,CLOSE,4
data/raw/images/img_00425.jpg,pick up the red block,PICK,0
data/raw/images/img_00426.jpg,put the object down carefully,PLACE,1
data/raw/images/img_00427.jpg,move the cube away,PUSH,2
data/raw/images/img_00428.jpg,unlock and open the box,OPEN,3
data/raw/images/img_00429.jpg,close the cabinet,CLOSE,4
data/raw/images/img_00430.jpg,pick up the red block,PICK,0
data/raw/images/img_00431.jpg,put the object down carefully,PLACE,1
data/raw/images/img_00432.jpg,move the cube away,PUSH,2
data/raw/images/img_00433.jpg,unlock and open the box,OPEN,3
data/raw/images/img_00434.jpg,close the cabinet,CLOSE,4
data/raw/images/img_00435.jpg,pick up the red block,PICK,0
data/raw/images/img_00436.jpg,put the object down carefully,PLACE,1
data/raw/images/img_00437.jpg,move the cube away,PUSH,2
data/raw/images/img_00438.jpg,unlock and open the box,OPEN,3
data/raw/images/img_00439.jpg,close the cabinet,CLOSE,4
data/raw/images/img_00440.jpg,pick up the red block,PICK,0
data/raw/images/img_00441.jpg,put the object down carefully,PLACE,1
data/raw/images/img_00442.jpg,move the cube away,PUSH,2
data/raw/images/img_00443.jpg,unlock and open the box,OPEN,3
data/raw/images/img_00444.jpg,close the cabinet,CLOSE,4
data/raw/images/img_00445.jpg,pick up the red block,PICK,0
data/raw/images/img_00446.jpg,put the object down carefully,PLACE,1
data/raw/images/img_00447.jpg,move the cube away,PUSH,2
data/raw/images/img_00448.jpg,unlock and open the box,OPEN,3
data/raw/images/img_00449.jpg,close the cabinet,CLOSE,4
data/raw/images/img_00450.jpg,pick up the red block,PICK,0
data/raw/images/img_00451.jpg,put the object down carefully,PLACE,1
data/raw/images/img_00452.jpg,move the cube away,PUSH,2
data/raw/images/img_00453.jpg,unlock and open the box,OPEN,3
data/raw/images/img_00454.jpg,close the cabinet,CLOSE,4
data/raw/images/img_00455.jpg,pick up the red block,PICK,0
data/raw/images/img_00456.jpg,put the object down carefully,PLACE,1
data/raw/images/img_00457.jpg,move the cube away,PUSH,2
data/raw/images/img_00458.jpg,unlock and open the box,OPEN,3
data/raw/images/img_00459.jpg,close the cabinet,CLOSE,4
data/raw/images/img_00460.jpg,pick up the red block,PICK,0
data/raw/images/img_00461.jpg,put the object down carefully,PLACE,1
data/raw/images/img_00462.jpg,move the cube away,PUSH,2
data/raw/images/img_00463.jpg,unlock and open the box,OPEN,3
data/raw/images/img_00464.jpg,close the cabinet,CLOSE,4
data/raw/images/img_00465.jpg,pick up the red block,PICK,0
data/raw/images/img_00466.jpg,put the object down carefully,PLACE,1
data/raw/images/img_00467.jpg,move the cube away,PUSH,2
data/raw/images/img_00468.jpg,unlock and open the box,OPEN,3
data/raw/images/img_00469.jpg,close the cabinet,CLOSE,4
data/raw/images/img_00470.jpg,pick up the red block,PICK,0
data/raw/images/img_00471.jpg,put the object down carefully,PLACE,1
data/raw/images/img_00472.jpg,move the cube away,PUSH,2
data/raw/images/img_00473.jpg,unlock and open the box,OPEN,3
data/raw/images/img_00474.jpg,close the cabinet,CLOSE,4
data/raw/images/img_00475.jpg,pick up the red block,PICK,0
data/raw/images/img_00476.jpg,put the object down carefully,PLACE,1
data/raw/images/img_00477.jpg,move the cube away,PUSH,2
data/raw/images/img_00478.jpg,unlock and open the box,OPEN,3
data/raw/images/img_00479.jpg,close the cabinet,CLOSE,4
data/raw/images/img_00480.jpg,pick up the red block,PICK,0
data/raw/images/img_00481.jpg,put the object down carefully,PLACE,1
data/raw/images/img_00482.jpg,move the cube away,PUSH,2
data/raw/images/img_00483.jpg,unlock and open the box,OPEN,3
data/raw/images/img_00484.jpg,close the cabinet,CLOSE,4
data/raw/images/img_00485.jpg,pick up the red block,PICK,0
data/raw/images/img_00486.jpg,put the object down carefully,PLACE,1
data/raw/images/img_00487.jpg,move the cube away,PUSH,2
data/raw/images/img_00488.jpg,unlock and open the box,OPEN,3
data/raw/images/img_00489.jpg,close the cabinet,CLOSE,4
data/raw/images/img_00490.jpg,pick up the red block,PICK,0
data/raw/images/img_00491.jpg,put the object down carefully,PLACE,1
data/raw/images/img_00492.jpg,move the cube away,PUSH,2
data/raw/images/img_00493.jpg,unlock and open the box,OPEN,3
data/raw/images/img_00494.jpg,close the cabinet,CLOSE,4
data/raw/images/img_00495.jpg,pick up the red block,PICK,0
data/raw/images/img_00496.jpg,put the object down carefully,PLACE,1
data/raw/images/img_00497.jpg,move the cube away,PUSH,2
data/raw/images/img_00498.jpg,unlock and open the box,OPEN,3
data/raw/images/img_00499.jpg,close the cabinet,CLOSE,4
data/raw/images/img_00500.jpg,pick up the red block,PICK,0
data/raw/images/img_00501.jpg,put the object down carefully,PLACE,1
data/raw/images/img_00502.jpg,move the cube away,PUSH,2
data/raw/images/img_00503.jpg,unlock and open the box,OPEN,3
data/raw/images/img_00504.jpg,close the cabinet,CLOSE,4
data/raw/images/img_00505.jpg,pick up the red block,PICK,0
data/raw/images/img_00506.jpg,put the object down carefully,PLACE,1
data/raw/images/img_00507.jpg,move the cube away,PUSH,2
data/raw/images/img_00508.jpg,unlock and open the box,OPEN,3
data/raw/images/img_00509.jpg,close the cabinet,CLOSE,4
data/raw/images/img_00510.jpg,pick up the red block,PICK,0
data/raw/images/img_00511.jpg,put the object down carefully,PLACE,1
data/raw/images/img_00512.jpg,move the cube away,PUSH,2
data/raw/images/img_00513.jpg,unlock and open the box,OPEN,3
data/raw/images/img_00514.jpg,close the cabinet,CLOSE,4
data/raw/images/img_00515.jpg,pick up the red block,PICK,0
data/raw/images/img_00516.jpg,put the object down carefully,PLACE,1
data/raw/images/img_00517.jpg,move the cube away,PUSH,2
data/raw/images/img_00518.jpg,unlock and open the box,OPEN,3
data/raw/images/img_00519.jpg,close the cabinet,CLOSE,4
data/raw/images/img_00520.jpg,pick up the red block,PICK,0
data/raw/images/img_00521.jpg,put the object down carefully,PLACE,1
data/raw/images/img_00522.jpg,move the cube away,PUSH,2
data/raw/images/img_00523.jpg,unlock and open the box,OPEN,3
data/raw/images/img_00524.jpg,close the cabinet,CLOSE,4
data/raw/images/img_00525.jpg,pick up the red block,PICK,0
data/raw/images/img_00526.jpg,put the object down carefully,PLACE,1
data/raw/images/img_00527.jpg,move the cube away,PUSH,2
data/raw/images/img_00528.jpg,unlock and open the box,OPEN,3
data/raw/images/img_00529.jpg,close the cabinet,CLOSE,4
data/raw/images/img_00530.jpg,pick up the red block,PICK,0
data/raw/images/img_00531.jpg,put the object down carefully,PLACE,1
data/raw/images/img_00532.jpg,move the cube away,PUSH,2
data/raw/images/img_00533.jpg,unlock and open the box,OPEN,3
data/raw/images/img_00534.jpg,close the cabinet,CLOSE,4
data/raw/images/img_00535.jpg,pick up the red block,PICK,0
data/raw/images/img_00536.jpg,put the object down carefully,PLACE,1
data/raw/images/img_00537.jpg,move the cube away,PUSH,2
data/raw/images/img_00538.jpg,unlock and open the box,OPEN,3
data/raw/images/img_00539.jpg,close the cabinet,CLOSE,4
data/raw/images/img_00540.jpg,pick up the red block,PICK,0
data/raw/images/img_00541.jpg,put the object down carefully,PLACE,1
data/raw/images/img_00542.jpg,move the cube away,PUSH,2
data/raw/images/img_00543.jpg,unlock and open the box,OPEN,3
data/raw/images/img_00544.jpg,close the cabinet,CLOSE,4
data/raw/images/img_00545.jpg,pick up the red block,PICK,0
data/raw/images/img_00546.jpg,put the object down carefully,PLACE,1
data/raw/images/img_00547.jpg,move the cube away,PUSH,2
data/raw/images/img_00548.jpg,unlock and open the box,OPEN,3
data/raw/images/img_00549.jpg,close the cabinet,CLOSE,4
data/raw/images/img_00550.jpg,pick up the red block,PICK,0
data/raw/images/img_00551.jpg,put the object down carefully,PLACE,1
data/raw/images/img_00552.jpg,move the cube away,PUSH,2
data/raw/images/img_00553.jpg,unlock and open the box,OPEN,3
data/raw/images/img_00554.jpg,close the cabinet,CLOSE,4
data/raw/images/img_00555.jpg,pick up the red block,PICK,0
data/raw/images/img_00556.jpg,put the object down carefully,PLACE,1
data/raw/images/img_00557.jpg,move the cube away,PUSH,2
data/raw/images/img_00558.jpg,unlock and open the box,OPEN,3
data/raw/images/img_00559.jpg,close the cabinet,CLOSE,4
data/raw/images/img_00560.jpg,pick up the red block,PICK,0
data/raw/images/img_00561.jpg,put the object down carefully,PLACE,1
data/raw/images/img_00562.jpg,move the cube away,PUSH,2
data/raw/images/img_00563.jpg,unlock and open the box,OPEN,3
data/raw/images/img_00564.jpg,close the cabinet,CLOSE,4
data/raw/images/img_00565.jpg,pick up the red block,PICK,0
data/raw/images/img_00566.jpg,put the object down carefully,PLACE,1
data/raw/images/img_00567.jpg,move the cube away,PUSH,2
data/raw/images/img_00568.jpg,unlock and open the box,OPEN,3
data/raw/images/img_00569.jpg,close the cabinet,CLOSE,4
data/raw/images/img_00570.jpg,pick up the red block,PICK,0
data/raw/images/img_00571.jpg,put the object down carefully,PLACE,1
data/raw/images/img_00572.jpg,move the cube away,PUSH,2
data/raw/images/img_00573.jpg,unlock and open the box,OPEN,3
data/raw/images/img_00574.jpg,close the cabinet,CLOSE,4
data/raw/images/img_00575.jpg,pick up the red block,PICK,0
data/raw/images/img_00576.jpg,put the object down carefully,PLACE,1
data/raw/images/img_00577.jpg,move the cube away,PUSH,2
data/raw/images/img_00578.jpg,unlock and open the box,OPEN,3
data/raw/images/img_00579.jpg,close the cabinet,CLOSE,4
data/raw/images/img_00580.jpg,pick up the red block,PICK,0
data/raw/images/img_00581.jpg,put the object down carefully,PLACE,1
data/raw/images/img_00582.jpg,move the cube away,PUSH,2
data/raw/images/img_00583.jpg,unlock and open the box,OPEN,3
data/raw/images/img_00584.jpg,close the cabinet,CLOSE,4
data/raw/images/img_00585.jpg,pick up the red block,PICK,0
data/raw/images/img_00586.jpg,put the object down carefully,PLACE,1
data/raw/images/img_00587.jpg,move the cube away,PUSH,2
data/raw/images/img_00588.jpg,unlock and open the box,OPEN,3
data/raw/images/img_00589.jpg,close the cabinet,CLOSE,4
data/raw/images/img_00590.jpg,pick up the red block,PICK,0
data/raw/images/img_00591.jpg,put the object down carefully,PLACE,1
data/raw/images/img_00592.jpg,move the cube away,PUSH,2
data/raw/images/img_00593.jpg,unlock and open the box,OPEN,3
data/raw/images/img_00594.jpg,close the cabinet,CLOSE,4
data/raw/images/img_00595.jpg,pick up the red block,PICK,0
data/raw/images/img_00596.jpg,put the object down carefully,PLACE,1
data/raw/images/img_00597.jpg,move the cube away,PUSH,2
data/raw/images/img_00598.jpg,unlock and open the box,OPEN,3
data/raw/images/img_00599.jpg,close the cabinet,CLOSE,4
data/raw/images/img_00600.jpg,pick up the red block,PICK,0
data/raw/images/img_00601.jpg,put the object down carefully,PLACE,1
data/raw/images/img_00602.jpg,move the cube away,PUSH,2
data/raw/images/img_00603.jpg,unlock and open the box,OPEN,3
data/raw/images/img_00604.jpg,close the cabinet,CLOSE,4
data/raw/images/img_00605.jpg,pick up the red block,PICK,0
data/raw/images/img_00606.jpg,put the object down carefully,PLACE,1
data/raw/images/img_00607.jpg,move the cube away,PUSH,2
data/raw/images/img_00608.jpg,unlock and open the box,OPEN,3
data/raw/images/img_00609.jpg,close the cabinet,CLOSE,4
data/raw/images/img_00610.jpg,pick up the red block,PICK,0
data/raw/images/img_00611.jpg,put the object down carefully,PLACE,1
data/raw/images/img_00612.jpg,move the cube away,PUSH,2
data/raw/images/img_00613.jpg,unlock and open the box,OPEN,3
data/raw/images/img_00614.jpg,close the cabinet,CLOSE,4
data/raw/images/img_00615.jpg,pick up the red block,PICK,0
data/raw/images/img_00616.jpg,put the object down carefully,PLACE,1
data/raw/images/img_00617.jpg,move the cube away,PUSH,2
data/raw/images/img_00618.jpg,unlock and open the box,OPEN,3
data/raw/images/img_00619.jpg,close the cabinet,CLOSE,4
data/raw/images/img_00620.jpg,pick up the red block,PICK,0
data/raw/images/img_00621.jpg,put the object down carefully,PLACE,1
data/raw/images/img_00622.jpg,move the cube away,PUSH,2
data/raw/images/img_00623.jpg,unlock and open the box,OPEN,3
data/raw/images/img_00624.jpg,close the cabinet,CLOSE,4
data/raw/images/img_00625.jpg,pick up the red block,PICK,0
data/raw/images/img_00626.jpg,put the object down carefully,PLACE,1
data/raw/images/img_00627.jpg,move the cube away,PUSH,2
data/raw/images/img_00628.jpg,unlock and open the box,OPEN,3
data/raw/images/img_00629.jpg,close the cabinet,CLOSE,4
data/raw/images/img_00630.jpg,pick up the red block,PICK,0
data/raw/images/img_00631.jpg,put the object down carefully,PLACE,1
data/raw/images/img_00632.jpg,move the cube away,PUSH,2
data/raw/images/img_00633.jpg,unlock and open the box,OPEN,3
data/raw/images/img_00634.jpg,close the cabinet,CLOSE,4
data/raw/images/img_00635.jpg,pick up the red block,PICK,0
data/raw/images/img_00636.jpg,put the object down carefully,PLACE,1
data/raw/images/img_00637.jpg,move the cube away,PUSH,2
data/raw/images/img_00638.jpg,unlock and open the box,OPEN,3
data/raw/images/img_00639.jpg,close the cabinet,CLOSE,4
data/raw/images/img_00640.jpg,pick up the red block,PICK,0
data/raw/images/img_00641.jpg,put the object down carefully,PLACE,1
data/raw/images/img_00642.jpg,move the cube away,PUSH,2
data/raw/images/img_00643.jpg,unlock and open the box,OPEN,3
data/raw/images/img_00644.jpg,close the cabinet,CLOSE,4
data/raw/images/img_00645.jpg,pick up the red block,PICK,0
data/raw/images/img_00646.jpg,put the object down carefully,PLACE,1
data/raw/images/img_00647.jpg,move the cube away,PUSH,2
data/raw/images/img_00648.jpg,unlock and open the box,OPEN,3
data/raw/images/img_00649.jpg,close the cabinet,CLOSE,4
data/raw/images/img_00650.jpg,pick up the red block,PICK,0
data/raw/images/img_00651.jpg,put the object down carefully,PLACE,1
data/raw/images/img_00652.jpg,move the cube away,PUSH,2
data/raw/images/img_00653.jpg,unlock and open the box,OPEN,3
data/raw/images/img_00654.jpg,close the cabinet,CLOSE,4
data/raw/images/img_00655.jpg,pick up the red block,PICK,0
data/raw/images/img_00656.jpg,put the object down carefully,PLACE,1
data/raw/images/img_00657.jpg,move the cube away,PUSH,2
data/raw/images/img_00658.jpg,unlock and open the box,OPEN,3
data/raw/images/img_00659.jpg,close the cabinet,CLOSE,4
data/raw/images/img_00660.jpg,pick up the red block,PICK,0
data/raw/images/img_00661.jpg,put the object down carefully,PLACE,1
data/raw/images/img_00662.jpg,move the cube away,PUSH,2
data/raw/images/img_00663.jpg,unlock and open the box,OPEN,3
data/raw/images/img_00664.jpg,close the cabinet,CLOSE,4
data/raw/images/img_00665.jpg,pick up the red block,PICK,0
data/raw/images/img_00666.jpg,put the object down carefully,PLACE,1
data/raw/images/img_00667.jpg,move the cube away,PUSH,2
data/raw/images/img_00668.jpg,unlock and open the box,OPEN,3
data/raw/images/img_00669.jpg,close the cabinet,CLOSE,4
data/raw/images/img_00670.jpg,pick up the red block,PICK,0
data/raw/images/img_00671.jpg,put the object down carefully,PLACE,1
data/raw/images/img_00672.jpg,move the cube away,PUSH,2
data/raw/images/img_00673.jpg,unlock and open the box,OPEN,3
data/raw/images/img_00674.jpg,close the cabinet,CLOSE,4
data/raw/images/img_00675.jpg,pick up the red block,PICK,0
data/raw/images/img_00676.jpg,put the object down carefully,PLACE,1
data/raw/images/img_00677.jpg,move the cube away,PUSH,2
data/raw/images/img_00678.jpg,unlock and open the box,OPEN,3
data/raw/images/img_00679.jpg,close the cabinet,CLOSE,4
data/raw/images/img_00680.jpg,pick up the red block,PICK,0
data/raw/images/img_00681.jpg,put the object down carefully,PLACE,1
data/raw/images/img_00682.jpg,move the cube away,PUSH,2
data/raw/images/img_00683.jpg,unlock and open the box,OPEN,3
data/raw/images/img_00684.jpg,close the cabinet,CLOSE,4
data/raw/images/img_00685.jpg,pick up the red block,PICK,0
data/raw/images/img_00686.jpg,put the object down carefully,PLACE,1
data/raw/images/img_00687.jpg,move the cube away,PUSH,2
data/raw/images/img_00688.jpg,unlock and open the box,OPEN,3
data/raw/images/img_00689.jpg,close the cabinet,CLOSE,4
data/raw/images/img_00690.jpg,pick up the red block,PICK,0
data/raw/images/img_00691.jpg,put the object down carefully,PLACE,1
data/raw/images/img_00692.jpg,move the cube away,PUSH,2
data/raw/images/img_00693.jpg,unlock and open the box,OPEN,3
data/raw/images/img_00694.jpg,close the cabinet,CLOSE,4
data/raw/images/img_00695.jpg,pick up the red block,PICK,0
data/raw/images/img_00696.jpg,put the object down carefully,PLACE,1
data/raw/images/img_00697.jpg,move the cube away,PUSH,2
data/raw/images/img_00698.jpg,unlock and open the box,OPEN,3
data/raw/images/img_00699.jpg,close the cabinet,CLOSE,4
data/raw/images/img_00700.jpg,pick up the red block,PICK,0
data/raw/images/img_00701.jpg,put the object down carefully,PLACE,1
data/raw/images/img_00702.jpg,move the cube away,PUSH,2
data/raw/images/img_00703.jpg,unlock and open the box,OPEN,3
data/raw/images/img_00704.jpg,close the cabinet,CLOSE,4
data/raw/images/img_00705.jpg,pick up the red block,PICK,0
data/raw/images/img_00706.jpg,put the object down carefully,PLACE,1
data/raw/images/img_00707.jpg,move the cube away,PUSH,2
data/raw/images/img_00708.jpg,unlock and open the box,OPEN,3
data/raw/images/img_00709.jpg,close the cabinet,CLOSE,4
data/raw/images/img_00710.jpg,pick up the red block,PICK,0
data/raw/images/img_00711.jpg,put the object down carefully,PLACE,1
data/raw/images/img_00712.jpg,move the cube away,PUSH,2
data/raw/images/img_00713.jpg,unlock and open the box,OPEN,3
data/raw/images/img_00714.jpg,close the cabinet,CLOSE,4
data/raw/images/img_00715.jpg,pick up the red block,PICK,0
data/raw/images/img_00716.jpg,put the object down carefully,PLACE,1
data/raw/images/img_00717.jpg,move the cube away,PUSH,2
data/raw/images/img_00718.jpg,unlock and open the box,OPEN,3
data/raw/images/img_00719.jpg,close the cabinet,CLOSE,4
data/raw/images/img_00720.jpg,pick up the red block,PICK,0
data/raw/images/img_00721.jpg,put the object down carefully,PLACE,1
data/raw/images/img_00722.jpg,move the cube away,PUSH,2
data/raw/images/img_00723.jpg,unlock and open the box,OPEN,3
data/raw/images/img_00724.jpg,close the cabinet,CLOSE,4
data/raw/images/img_00725.jpg,pick up the red block,PICK,0
data/raw/images/img_00726.jpg,put the object down carefully,PLACE,1
data/raw/images/img_00727.jpg,move the cube away,PUSH,2
data/raw/images/img_00728.jpg,unlock and open the box,OPEN,3
data/raw/images/img_00729.jpg,close the cabinet,CLOSE,4
data/raw/images/img_00730.jpg,pick up the red block,PICK,0
data/raw/images/img_00731.jpg,put the object down carefully,PLACE,1
data/raw/images/img_00732.jpg,move the cube away,PUSH,2
data/raw/images/img_00733.jpg,unlock and open the box,OPEN,3
data/raw/images/img_00734.jpg,close the cabinet,CLOSE,4
data/raw/images/img_00735.jpg,pick up the red block,PICK,0
data/raw/images/img_00736.jpg,put the object down carefully,PLACE,1
data/raw/images/img_00737.jpg,move the cube away,PUSH,2
data/raw/images/img_00738.jpg,unlock and open the box,OPEN,3
data/raw/images/img_00739.jpg,close the cabinet,CLOSE,4
data/raw/images/img_00740.jpg,pick up the red block,PICK,0
data/raw/images/img_00741.jpg,put the object down carefully,PLACE,1
data/raw/images/img_00742.jpg,move the cube away,PUSH,2
data/raw/images/img_00743.jpg,unlock and open the box,OPEN,3
data/raw/images/img_00744.jpg,close the cabinet,CLOSE,4
data/raw/images/img_00745.jpg,pick up the red block,PICK,0
data/raw/images/img_00746.jpg,put the object down carefully,PLACE,1
data/raw/images/img_00747.jpg,move the cube away,PUSH,2
data/raw/images/img_00748.jpg,unlock and open the box,OPEN,3
data/raw/images/img_00749.jpg,close the cabinet,CLOSE,4
data/raw/images/img_00750.jpg,pick up the red block,PICK,0
data/raw/images/img_00751.jpg,put the object down carefully,PLACE,1
data/raw/images/img_00752.jpg,move the cube away,PUSH,2
data/raw/images/img_00753.jpg,unlock and open the box,OPEN,3
data/raw/images/img_00754.jpg,close the cabinet,CLOSE,4
data/raw/images/img_00755.jpg,pick up the red block,PICK,0
data/raw/images/img_00756.jpg,put the object down carefully,PLACE,1
data/raw/images/img_00757.jpg,move the cube away,PUSH,2
data/raw/images/img_00758.jpg,unlock and open the box,OPEN,3
data/raw/images/img_00759.jpg,close the cabinet,CLOSE,4
data/raw/images/img_00760.jpg,pick up the red block,PICK,0
data/raw/images/img_00761.jpg,put the object down carefully,PLACE,1
data/raw/images/img_00762.jpg,move the cube away,PUSH,2
data/raw/images/img_00763.jpg,unlock and open the box,OPEN,3
data/raw/images/img_00764.jpg,close the cabinet,CLOSE,4
data/raw/images/img_00765.jpg,pick up the red block,PICK,0
data/raw/images/img_00766.jpg,put the object down carefully,PLACE,1
data/raw/images/img_00767.jpg,move the cube away,PUSH,2
data/raw/images/img_00768.jpg,unlock and open the box,OPEN,3
data/raw/images/img_00769.jpg,close the cabinet,CLOSE,4
data/raw/images/img_00770.jpg,pick up the red block,PICK,0
data/raw/images/img_00771.jpg,put the object down carefully,PLACE,1
data/raw/images/img_00772.jpg,move the cube away,PUSH,2
data/raw/images/img_00773.jpg,unlock and open the box,OPEN,3
data/raw/images/img_00774.jpg,close the cabinet,CLOSE,4
data/raw/images/img_00775.jpg,pick up the red block,PICK,0
data/raw/images/img_00776.jpg,put the object down carefully,PLACE,1
data/raw/images/img_00777.jpg,move the cube away,PUSH,2
data/raw/images/img_00778.jpg,unlock and open the box,OPEN,3
data/raw/images/img_00779.jpg,close the cabinet,CLOSE,4
data/raw/images/img_00780.jpg,pick up the red block,PICK,0
data/raw/images/img_00781.jpg,put the object down carefully,PLACE,1
data/raw/images/img_00782.jpg,move the cube away,PUSH,2
data/raw/images/img_00783.jpg,unlock and open the box,OPEN,3
data/raw/images/img_00784.jpg,close the cabinet,CLOSE,4
data/raw/images/img_00785.jpg,pick up the red block,PICK,0
data/raw/images/img_00786.jpg,put the object down carefully,PLACE,1
data/raw/images/img_00787.jpg,move the cube away,PUSH,2
data/raw/images/img_00788.jpg,unlock and open the box,OPEN,3
data/raw/images/img_00789.jpg,close the cabinet,CLOSE,4
data/raw/images/img_00790.jpg,pick up the red block,PICK,0
data/raw/images/img_00791.jpg,put the object down carefully,PLACE,1
data/raw/images/img_00792.jpg,move the cube away,PUSH,2
data/raw/images/img_00793.jpg,unlock and open the box,OPEN,3
data/raw/images/img_00794.jpg,close the cabinet,CLOSE,4
data/raw/images/img_00795.jpg,pick up the red block,PICK,0
data/raw/images/img_00796.jpg,put the object down carefully,PLACE,1
data/raw/images/img_00797.jpg,move the cube away,PUSH,2
data/raw/images/img_00798.jpg,unlock and open the box,OPEN,3
data/raw/images/img_00799.jpg,close the cabinet,CLOSE,4
data/raw/images/img_00800.jpg,pick up the red block,PICK,0
data/raw/images/img_00801.jpg,put the object down carefully,PLACE,1
data/raw/images/img_00802.jpg,move the cube away,PUSH,2
data/raw/images/img_00803.jpg,unlock and open the box,OPEN,3
data/raw/images/img_00804.jpg,close the cabinet,CLOSE,4
data/raw/images/img_00805.jpg,pick up the red block,PICK,0
data/raw/images/img_00806.jpg,put the object down carefully,PLACE,1
data/raw/images/img_00807.jpg,move the cube away,PUSH,2
data/raw/images/img_00808.jpg,unlock and open the box,OPEN,3
data/raw/images/img_00809.jpg,close the cabinet,CLOSE,4
data/raw/images/img_00810.jpg,pick up the red block,PICK,0
data/raw/images/img_00811.jpg,put the object down carefully,PLACE,1
data/raw/images/img_00812.jpg,move the cube away,PUSH,2
data/raw/images/img_00813.jpg,unlock and open the box,OPEN,3
data/raw/images/img_00814.jpg,close the cabinet,CLOSE,4
data/raw/images/img_00815.jpg,pick up the red block,PICK,0
data/raw/images/img_00816.jpg,put the object down carefully,PLACE,1
data/raw/images/img_00817.jpg,move the cube away,PUSH,2
data/raw/images/img_00818.jpg,unlock and open the box,OPEN,3
data/raw/images/img_00819.jpg,close the cabinet,CLOSE,4
data/raw/images/img_00820.jpg,pick up the red block,PICK,0
data/raw/images/img_00821.jpg,put the object down carefully,PLACE,1
data/raw/images/img_00822.jpg,move the cube away,PUSH,2
data/raw/images/img_00823.jpg,unlock and open the box,OPEN,3
data/raw/images/img_00824.jpg,close the cabinet,CLOSE,4
data/raw/images/img_00825.jpg,pick up the red block,PICK,0
data/raw/images/img_00826.jpg,put the object down carefully,PLACE,1
data/raw/images/img_00827.jpg,move the cube away,PUSH,2
data/raw/images/img_00828.jpg,unlock and open the box,OPEN,3
data/raw/images/img_00829.jpg,close the cabinet,CLOSE,4
data/raw/images/img_00830.jpg,pick up the red block,PICK,0
data/raw/images/img_00831.jpg,put the object down carefully,PLACE,1
data/raw/images/img_00832.jpg,move the cube away,PUSH,2
data/raw/images/img_00833.jpg,unlock and open the box,OPEN,3
data/raw/images/img_00834.jpg,close the cabinet,CLOSE,4
data/raw/images/img_00835.jpg,pick up the red block,PICK,0
data/raw/images/img_00836.jpg,put the object down carefully,PLACE,1
data/raw/images/img_00837.jpg,move the cube away,PUSH,2
data/raw/images/img_00838.jpg,unlock and open the box,OPEN,3
data/raw/images/img_00839.jpg,close the cabinet,CLOSE,4
data/raw/images/img_00840.jpg,pick up the red block,PICK,0
data/raw/images/img_00841.jpg,put the object down carefully,PLACE,1
data/raw/images/img_00842.jpg,move the cube away,PUSH,2
data/raw/images/img_00843.jpg,unlock and open the box,OPEN,3
data/raw/images/img_00844.jpg,close the cabinet,CLOSE,4
data/raw/images/img_00845.jpg,pick up the red block,PICK,0
data/raw/images/img_00846.jpg,put the object down carefully,PLACE,1
data/raw/images/img_00847.jpg,move the cube away,PUSH,2
data/raw/images/img_00848.jpg,unlock and open the box,OPEN,3
data/raw/images/img_00849.jpg,close the cabinet,CLOSE,4
data/raw/images/img_00850.jpg,pick up the red block,PICK,0
data/raw/images/img_00851.jpg,put the object down carefully,PLACE,1
data/raw/images/img_00852.jpg,move the cube away,PUSH,2
data/raw/images/img_00853.jpg,unlock and open the box,OPEN,3
data/raw/images/img_00854.jpg,close the cabinet,CLOSE,4
data/raw/images/img_00855.jpg,pick up the red block,PICK,0
data/raw/images/img_00856.jpg,put the object down carefully,PLACE,1
data/raw/images/img_00857.jpg,move the cube away,PUSH,2
data/raw/images/img_00858.jpg,unlock and open the box,OPEN,3
data/raw/images/img_00859.jpg,close the cabinet,CLOSE,4
data/raw/images/img_00860.jpg,pick up the red block,PICK,0
data/raw/images/img_00861.jpg,put the object down carefully,PLACE,1
data/raw/images/img_00862.jpg,move the cube away,PUSH,2
data/raw/images/img_00863.jpg,unlock and open the box,OPEN,3
data/raw/images/img_00864.jpg,close the cabinet,CLOSE,4
data/raw/images/img_00865.jpg,pick up the red block,PICK,0
data/raw/images/img_00866.jpg,put the object down carefully,PLACE,1
data/raw/images/img_00867.jpg,move the cube away,PUSH,2
data/raw/images/img_00868.jpg,unlock and open the box,OPEN,3
data/raw/images/img_00869.jpg,close the cabinet,CLOSE,4
data/raw/images/img_00870.jpg,pick up the red block,PICK,0
data/raw/images/img_00871.jpg,put the object down carefully,PLACE,1
data/raw/images/img_00872.jpg,move the cube away,PUSH,2
data/raw/images/img_00873.jpg,unlock and open the box,OPEN,3
data/raw/images/img_00874.jpg,close the cabinet,CLOSE,4
data/raw/images/img_00875.jpg,pick up the red block,PICK,0
data/raw/images/img_00876.jpg,put the object down carefully,PLACE,1
data/raw/images/img_00877.jpg,move the cube away,PUSH,2
data/raw/images/img_00878.jpg,unlock and open the box,OPEN,3
data/raw/images/img_00879.jpg,close the cabinet,CLOSE,4
data/raw/images/img_00880.jpg,pick up the red block,PICK,0
data/raw/images/img_00881.jpg,put the object down carefully,PLACE,1
data/raw/images/img_00882.jpg,move the cube away,PUSH,2
data/raw/images/img_00883.jpg,unlock and open the box,OPEN,3
data/raw/images/img_00884.jpg,close the cabinet,CLOSE,4
data/raw/images/img_00885.jpg,pick up the red block,PICK,0
data/raw/images/img_00886.jpg,put the object down carefully,PLACE,1
data/raw/images/img_00887.jpg,move the cube away,PUSH,2
data/raw/images/img_00888.jpg,unlock and open the box,OPEN,3
data/raw/images/img_00889.jpg,close the cabinet,CLOSE,4
data/raw/images/img_00890.jpg,pick up the red block,PICK,0
data/raw/images/img_00891.jpg,put the object down carefully,PLACE,1
data/raw/images/img_00892.jpg,move the cube away,PUSH,2
data/raw/images/img_00893.jpg,unlock and open the box,OPEN,3
data/raw/images/img_00894.jpg,close the cabinet,CLOSE,4
data/raw/images/img_00895.jpg,pick up the red block,PICK,0
data/raw/images/img_00896.jpg,put the object down carefully,PLACE,1
data/raw/images/img_00897.jpg,move the cube away,PUSH,2
data/raw/images/img_00898.jpg,unlock and open the box,OPEN,3
data/raw/images/img_00899.jpg,close the cabinet,CLOSE,4
data/raw/images/img_00900.jpg,pick up the red block,PICK,0
data/raw/images/img_00901.jpg,put the object down carefully,PLACE,1
data/raw/images/img_00902.jpg,move the cube away,PUSH,2
data/raw/images/img_00903.jpg,unlock and open the box,OPEN,3
data/raw/images/img_00904.jpg,close the cabinet,CLOSE,4
data/raw/images/img_00905.jpg,pick up the red block,PICK,0
data/raw/images/img_00906.jpg,put the object down carefully,PLACE,1
data/raw/images/img_00907.jpg,move the cube away,PUSH,2
data/raw/images/img_00908.jpg,unlock and open the box,OPEN,3
data/raw/images/img_00909.jpg,close the cabinet,CLOSE,4
data/raw/images/img_00910.jpg,pick up the red block,PICK,0
data/raw/images/img_00911.jpg,put the object down carefully,PLACE,1
data/raw/images/img_00912.jpg,move the cube away,PUSH,2
data/raw/images/img_00913.jpg,unlock and open the box,OPEN,3
data/raw/images/img_00914.jpg,close the cabinet,CLOSE,4
data/raw/images/img_00915.jpg,pick up the red block,PICK,0
data/raw/images/img_00916.jpg,put the object down carefully,PLACE,1
data/raw/images/img_00917.jpg,move the cube away,PUSH,2
data/raw/images/img_00918.jpg,unlock and open the box,OPEN,3
data/raw/images/img_00919.jpg,close the cabinet,CLOSE,4
data/raw/images/img_00920.jpg,pick up the red block,PICK,0
data/raw/images/img_00921.jpg,put the object down carefully,PLACE,1
data/raw/images/img_00922.jpg,move the cube away,PUSH,2
data/raw/images/img_00923.jpg,unlock and open the box,OPEN,3
data/raw/images/img_00924.jpg,close the cabinet,CLOSE,4
data/raw/images/img_00925.jpg,pick up the red block,PICK,0
data/raw/images/img_00926.jpg,put the object down carefully,PLACE,1
data/raw/images/img_00927.jpg,move the cube away,PUSH,2
data/raw/images/img_00928.jpg,unlock and open the box,OPEN,3
data/raw/images/img_00929.jpg,close the cabinet,CLOSE,4
data/raw/images/img_00930.jpg,pick up the red block,PICK,0
data/raw/images/img_00931.jpg,put the object down carefully,PLACE,1
data/raw/images/img_00932.jpg,move the cube away,PUSH,2
data/raw/images/img_00933.jpg,unlock and open the box,OPEN,3
data/raw/images/img_00934.jpg,close the cabinet,CLOSE,4
data/raw/images/img_00935.jpg,pick up the red block,PICK,0
data/raw/images/img_00936.jpg,put the object down carefully,PLACE,1
data/raw/images/img_00937.jpg,move the cube away,PUSH,2
data/raw/images/img_00938.jpg,unlock and open the box,OPEN,3
data/raw/images/img_00939.jpg,close the cabinet,CLOSE,4
data/raw/images/img_00940.jpg,pick up the red block,PICK,0
data/raw/images/img_00941.jpg,put the object down carefully,PLACE,1
data/raw/images/img_00942.jpg,move the cube away,PUSH,2
data/raw/images/img_00943.jpg,unlock and open the box,OPEN,3
data/raw/images/img_00944.jpg,close the cabinet,CLOSE,4
data/raw/images/img_00945.jpg,pick up the red block,PICK,0
data/raw/images/img_00946.jpg,put the object down carefully,PLACE,1
data/raw/images/img_00947.jpg,move the cube away,PUSH,2
data/raw/images/img_00948.jpg,unlock and open the box,OPEN,3
data/raw/images/img_00949.jpg,close the cabinet,CLOSE,4
data/raw/images/img_00950.jpg,pick up the red block,PICK,0
data/raw/images/img_00951.jpg,put the object down carefully,PLACE,1
data/raw/images/img_00952.jpg,move the cube away,PUSH,2
data/raw/images/img_00953.jpg,unlock and open the box,OPEN,3
data/raw/images/img_00954.jpg,close the cabinet,CLOSE,4
data/raw/images/img_00955.jpg,pick up the red block,PICK,0
data/raw/images/img_00956.jpg,put the object down carefully,PLACE,1
data/raw/images/img_00957.jpg,move the cube away,PUSH,2
data/raw/images/img_00958.jpg,unlock and open the box,OPEN,3
data/raw/images/img_00959.jpg,close the cabinet,CLOSE,4
data/raw/images/img_00960.jpg,pick up the red block,PICK,0
data/raw/images/img_00961.jpg,put the object down carefully,PLACE,1
data/raw/images/img_00962.jpg,move the cube away,PUSH,2
data/raw/images/img_00963.jpg,unlock and open the box,OPEN,3
data/raw/images/img_00964.jpg,close the cabinet,CLOSE,4
data/raw/images/img_00965.jpg,pick up the red block,PICK,0
data/raw/images/img_00966.jpg,put the object down carefully,PLACE,1
data/raw/images/img_00967.jpg,move the cube away,PUSH,2
data/raw/images/img_00968.jpg,unlock and open the box,OPEN,3
data/raw/images/img_00969.jpg,close the cabinet,CLOSE,4
data/raw/images/img_00970.jpg,pick up the red block,PICK,0
data/raw/images/img_00971.jpg,put the object down carefully,PLACE,1
data/raw/images/img_00972.jpg,move the cube away,PUSH,2
data/raw/images/img_00973.jpg,unlock and open the box,OPEN,3
data/raw/images/img_00974.jpg,close the cabinet,CLOSE,4
data/raw/images/img_00975.jpg,pick up the red block,PICK,0
data/raw/images/img_00976.jpg,put the object down carefully,PLACE,1
data/raw/images/img_00977.jpg,move the cube away,PUSH,2
data/raw/images/img_00978.jpg,unlock and open the box,OPEN,3
data/raw/images/img_00979.jpg,close the cabinet,CLOSE,4
data/raw/images/img_00980.jpg,pick up the red block,PICK,0
data/raw/images/img_00981.jpg,put the object down carefully,PLACE,1
data/raw/images/img_00982.jpg,move the cube away,PUSH,2
data/raw/images/img_00983.jpg,unlock and open the box,OPEN,3
data/raw/images/img_00984.jpg,close the cabinet,CLOSE,4
data/raw/images/img_00985.jpg,pick up the red block,PICK,0
data/raw/images/img_00986.jpg,put the object down carefully,PLACE,1
data/raw/images/img_00987.jpg,move the cube away,PUSH,2
data/raw/images/img_00988.jpg,unlock and open the box,OPEN,3
data/raw/images/img_00989.jpg,close the cabinet,CLOSE,4
data/raw/images/img_00990.jpg,pick up the red block,PICK,0
data/raw/images/img_00991.jpg,put the object down carefully,PLACE,1
data/raw/images/img_00992.jpg,move the cube away,PUSH,2
data/raw/images/img_00993.jpg,unlock and open the box,OPEN,3
data/raw/images/img_00994.jpg,close the cabinet,CLOSE,4
data/raw/images/img_00995.jpg,pick up the red block,PICK,0
data/raw/images/img_00996.jpg,put the object down carefully,PLACE,1
data/raw/images/img_00997.jpg,move the cube away,PUSH,2
data/raw/images/img_00998.jpg,unlock and open the box,OPEN,3
data/raw/images/img_00999.jpg,close the cabinet,CLOSE,4
data/raw/images/img_01000.jpg,pick up the red block,PICK,0
data/raw/images/img_01001.jpg,put the object down carefully,PLACE,1
data/raw/images/img_01002.jpg,move the cube away,PUSH,2
data/raw/images/img_01003.jpg,unlock and open the box,OPEN,3
data/raw/images/img_01004.jpg,close the cabinet,CLOSE,4
data/raw/images/img_01005.jpg,pick up the red block,PICK,0
data/raw/images/img_01006.jpg,put the object down carefully,PLACE,1
data/raw/images/img_01007.jpg,move the cube away,PUSH,2
data/raw/images/img_01008.jpg,unlock and open the box,OPEN,3
data/raw/images/img_01009.jpg,close the cabinet,CLOSE,4
data/raw/images/img_01010.jpg,pick up the red block,PICK,0
data/raw/images/img_01011.jpg,put the object down carefully,PLACE,1
data/raw/images/img_01012.jpg,move the cube away,PUSH,2
data/raw/images/img_01013.jpg,unlock and open the box,OPEN,3
data/raw/images/img_01014.jpg,close the cabinet,CLOSE,4
data/raw/images/img_01015.jpg,pick up the red block,PICK,0
data/raw/images/img_01016.jpg,put the object down carefully,PLACE,1
data/raw/images/img_01017.jpg,move the cube away,PUSH,2
data/raw/images/img_01018.jpg,unlock and open the box,OPEN,3
data/raw/images/img_01019.jpg,close the cabinet,CLOSE,4
data/raw/images/img_01020.jpg,pick up the red block,PICK,0
data/raw/images/img_01021.jpg,put the object down carefully,PLACE,1
data/raw/images/img_01022.jpg,move the cube away,PUSH,2
data/raw/images/img_01023.jpg,unlock and open the box,OPEN,3
data/raw/images/img_01024.jpg,close the cabinet,CLOSE,4
data/raw/images/img_01025.jpg,pick up the red block,PICK,0
data/raw/images/img_01026.jpg,put the object down carefully,PLACE,1
data/raw/images/img_01027.jpg,move the cube away,PUSH,2
data/raw/images/img_01028.jpg,unlock and open the box,OPEN,3
data/raw/images/img_01029.jpg,close the cabinet,CLOSE,4
data/raw/images/img_01030.jpg,pick up the red block,PICK,0
data/raw/images/img_01031.jpg,put the object down carefully,PLACE,1
data/raw/images/img_01032.jpg,move the cube away,PUSH,2
data/raw/images/img_01033.jpg,unlock and open the box,OPEN,3
data/raw/images/img_01034.jpg,close the cabinet,CLOSE,4
data/raw/images/img_01035.jpg,pick up the red block,PICK,0
data/raw/images/img_01036.jpg,put the object down carefully,PLACE,1
data/raw/images/img_01037.jpg,move the cube away,PUSH,2
data/raw/images/img_01038.jpg,unlock and open the box,OPEN,3
data/raw/images/img_01039.jpg,close the cabinet,CLOSE,4
data/raw/images/img_01040.jpg,pick up the red block,PICK,0
data/raw/images/img_01041.jpg,put the object down carefully,PLACE,1
data/raw/images/img_01042.jpg,move the cube away,PUSH,2
data/raw/images/img_01043.jpg,unlock and open the box,OPEN,3
data/raw/images/img_01044.jpg,close the cabinet,CLOSE,4
data/raw/images/img_01045.jpg,pick up the red block,PICK,0
data/raw/images/img_01046.jpg,put the object down carefully,PLACE,1
data/raw/images/img_01047.jpg,move the cube away,PUSH,2
data/raw/images/img_01048.jpg,unlock and open the box,OPEN,3
data/raw/images/img_01049.jpg,close the cabinet,CLOSE,4
data/raw/images/img_01050.jpg,pick up the red block,PICK,0
data/raw/images/img_01051.jpg,put the object down carefully,PLACE,1
data/raw/images/img_01052.jpg,move the cube away,PUSH,2
data/raw/images/img_01053.jpg,unlock and open the box,OPEN,3
data/raw/images/img_01054.jpg,close the cabinet,CLOSE,4
data/raw/images/img_01055.jpg,pick up the red block,PICK,0
data/raw/images/img_01056.jpg,put the object down carefully,PLACE,1
data/raw/images/img_01057.jpg,move the cube away,PUSH,2
data/raw/images/img_01058.jpg,unlock and open the box,OPEN,3
data/raw/images/img_01059.jpg,close the cabinet,CLOSE,4
data/raw/images/img_01060.jpg,pick up the red block,PICK,0
data/raw/images/img_01061.jpg,put the object down carefully,PLACE,1
data/raw/images/img_01062.jpg,move the cube away,PUSH,2
data/raw/images/img_01063.jpg,unlock and open the box,OPEN,3
data/raw/images/img_01064.jpg,close the cabinet,CLOSE,4
data/raw/images/img_01065.jpg,pick up the red block,PICK,0
data/raw/images/img_01066.jpg,put the object down carefully,PLACE,1
data/raw/images/img_01067.jpg,move the cube away,PUSH,2
data/raw/images/img_01068.jpg,unlock and open the box,OPEN,3
data/raw/images/img_01069.jpg,close the cabinet,CLOSE,4
data/raw/images/img_01070.jpg,pick up the red block,PICK,0
data/raw/images/img_01071.jpg,put the object down carefully,PLACE,1
data/raw/images/img_01072.jpg,move the cube away,PUSH,2
data/raw/images/img_01073.jpg,unlock and open the box,OPEN,3
data/raw/images/img_01074.jpg,close the cabinet,CLOSE,4
data/raw/images/img_01075.jpg,pick up the red block,PICK,0
data/raw/images/img_01076.jpg,put the object down carefully,PLACE,1
data/raw/images/img_01077.jpg,move the cube away,PUSH,2
data/raw/images/img_01078.jpg,unlock and open the box,OPEN,3
data/raw/images/img_01079.jpg,close the cabinet,CLOSE,4
data/raw/images/img_01080.jpg,pick up the red block,PICK,0
data/raw/images/img_01081.jpg,put the object down carefully,PLACE,1
data/raw/images/img_01082.jpg,move the cube away,PUSH,2
data/raw/images/img_01083.jpg,unlock and open the box,OPEN,3
data/raw/images/img_01084.jpg,close the cabinet,CLOSE,4
data/raw/images/img_01085.jpg,pick up the red block,PICK,0
data/raw/images/img_01086.jpg,put the object down carefully,PLACE,1
data/raw/images/img_01087.jpg,move the cube away,PUSH,2
data/raw/images/img_01088.jpg,unlock and open the box,OPEN,3
data/raw/images/img_01089.jpg,close the cabinet,CLOSE,4
data/raw/images/img_01090.jpg,pick up the red block,PICK,0
data/raw/images/img_01091.jpg,put the object down carefully,PLACE,1
data/raw/images/img_01092.jpg,move the cube away,PUSH,2
data/raw/images/img_01093.jpg,unlock and open the box,OPEN,3
data/raw/images/img_01094.jpg,close the cabinet,CLOSE,4
data/raw/images/img_01095.jpg,pick up the red block,PICK,0
data/raw/images/img_01096.jpg,put the object down carefully,PLACE,1
data/raw/images/img_01097.jpg,move the cube away,PUSH,2
data/raw/images/img_01098.jpg,unlock and open the box,OPEN,3
data/raw/images/img_01099.jpg,close the cabinet,CLOSE,4
data/raw/images/img_01100.jpg,pick up the red block,PICK,0
data/raw/images/img_01101.jpg,put the object down carefully,PLACE,1
data/raw/images/img_01102.jpg,move the cube away,PUSH,2
data/raw/images/img_01103.jpg,unlock and open the box,OPEN,3
data/raw/images/img_01104.jpg,close the cabinet,CLOSE,4
data/raw/images/img_01105.jpg,pick up the red block,PICK,0
data/raw/images/img_01106.jpg,put the object down carefully,PLACE,1
data/raw/images/img_01107.jpg,move the cube away,PUSH,2
data/raw/images/img_01108.jpg,unlock and open the box,OPEN,3
data/raw/images/img_01109.jpg,close the cabinet,CLOSE,4
data/raw/images/img_01110.jpg,pick up the red block,PICK,0
data/raw/images/img_01111.jpg,put the object down carefully,PLACE,1
data/raw/images/img_01112.jpg,move the cube away,PUSH,2
data/raw/images/img_01113.jpg,unlock and open the box,OPEN,3
data/raw/images/img_01114.jpg,close the cabinet,CLOSE,4
data/raw/images/img_01115.jpg,pick up the red block,PICK,0
data/raw/images/img_01116.jpg,put the object down carefully,PLACE,1
data/raw/images/img_01117.jpg,move the cube away,PUSH,2
data/raw/images/img_01118.jpg,unlock and open the box,OPEN,3
data/raw/images/img_01119.jpg,close the cabinet,CLOSE,4
data/raw/images/img_01120.jpg,pick up the red block,PICK,0
data/raw/images/img_01121.jpg,put the object down carefully,PLACE,1
data/raw/images/img_01122.jpg,move the cube away,PUSH,2
data/raw/images/img_01123.jpg,unlock and open the box,OPEN,3
data/raw/images/img_01124.jpg,close the cabinet,CLOSE,4
data/raw/images/img_01125.jpg,pick up the red block,PICK,0
data/raw/images/img_01126.jpg,put the object down carefully,PLACE,1
data/raw/images/img_01127.jpg,move the cube away,PUSH,2
data/raw/images/img_01128.jpg,unlock and open the box,OPEN,3
data/raw/images/img_01129.jpg,close the cabinet,CLOSE,4
data/raw/images/img_01130.jpg,pick up the red block,PICK,0
data/raw/images/img_01131.jpg,put the object down carefully,PLACE,1
data/raw/images/img_01132.jpg,move the cube away,PUSH,2
data/raw/images/img_01133.jpg,unlock and open the box,OPEN,3
data/raw/images/img_01134.jpg,close the cabinet,CLOSE,4
data/raw/images/img_01135.jpg,pick up the red block,PICK,0
data/raw/images/img_01136.jpg,put the object down carefully,PLACE,1
data/raw/images/img_01137.jpg,move the cube away,PUSH,2
data/raw/images/img_01138.jpg,unlock and open the box,OPEN,3
data/raw/images/img_01139.jpg,close the cabinet,CLOSE,4
data/raw/images/img_01140.jpg,pick up the red block,PICK,0
data/raw/images/img_01141.jpg,put the object down carefully,PLACE,1
data/raw/images/img_01142.jpg,move the cube away,PUSH,2
data/raw/images/img_01143.jpg,unlock and open the box,OPEN,3
data/raw/images/img_01144.jpg,close the cabinet,CLOSE,4
data/raw/images/img_01145.jpg,pick up the red block,PICK,0
data/raw/images/img_01146.jpg,put the object down carefully,PLACE,1
data/raw/images/img_01147.jpg,move the cube away,PUSH,2
data/raw/images/img_01148.jpg,unlock and open the box,OPEN,3
data/raw/images/img_01149.jpg,close the cabinet,CLOSE,4
data/raw/images/img_01150.jpg,pick up the red block,PICK,0
data/raw/images/img_01151.jpg,put the object down carefully,PLACE,1
data/raw/images/img_01152.jpg,move the cube away,PUSH,2
data/raw/images/img_01153.jpg,unlock and open the box,OPEN,3
data/raw/images/img_01154.jpg,close the cabinet,CLOSE,4
data/raw/images/img_01155.jpg,pick up the red block,PICK,0
data/raw/images/img_01156.jpg,put the object down carefully,PLACE,1
data/raw/images/img_01157.jpg,move the cube away,PUSH,2
data/raw/images/img_01158.jpg,unlock and open the box,OPEN,3
data/raw/images/img_01159.jpg,close the cabinet,CLOSE,4
data/raw/images/img_01160.jpg,pick up the red block,PICK,0
data/raw/images/img_01161.jpg,put the object down carefully,PLACE,1
data/raw/images/img_01162.jpg,move the cube away,PUSH,2
data/raw/images/img_01163.jpg,unlock and open the box,OPEN,3
data/raw/images/img_01164.jpg,close the cabinet,CLOSE,4
data/raw/images/img_01165.jpg,pick up the red block,PICK,0
data/raw/images/img_01166.jpg,put the object down carefully,PLACE,1
data/raw/images/img_01167.jpg,move the cube away,PUSH,2
data/raw/images/img_01168.jpg,unlock and open the box,OPEN,3
data/raw/images/img_01169.jpg,close the cabinet,CLOSE,4
data/raw/images/img_01170.jpg,pick up the red block,PICK,0
data/raw/images/img_01171.jpg,put the object down carefully,PLACE,1
data/raw/images/img_01172.jpg,move the cube away,PUSH,2
data/raw/images/img_01173.jpg,unlock and open the box,OPEN,3
data/raw/images/img_01174.jpg,close the cabinet,CLOSE,4
data/raw/images/img_01175.jpg,pick up the red block,PICK,0
data/raw/images/img_01176.jpg,put the object down carefully,PLACE,1
data/raw/images/img_01177.jpg,move the cube away,PUSH,2
data/raw/images/img_01178.jpg,unlock and open the box,OPEN,3
data/raw/images/img_01179.jpg,close the cabinet,CLOSE,4
data/raw/images/img_01180.jpg,pick up the red block,PICK,0
data/raw/images/img_01181.jpg,put the object down carefully,PLACE,1
data/raw/images/img_01182.jpg,move the cube away,PUSH,2
data/raw/images/img_01183.jpg,unlock and open the box,OPEN,3
data/raw/images/img_01184.jpg,close the cabinet,CLOSE,4
data/raw/images/img_01185.jpg,pick up the red block,PICK,0
data/raw/images/img_01186.jpg,put the object down carefully,PLACE,1
data/raw/images/img_01187.jpg,move the cube away,PUSH,2
data/raw/images/img_01188.jpg,unlock and open the box,OPEN,3
data/raw/images/img_01189.jpg,close the cabinet,CLOSE,4
data/raw/images/img_01190.jpg,pick up the red block,PICK,0
data/raw/images/img_01191.jpg,put the object down carefully,PLACE,1
data/raw/images/img_01192.jpg,move the cube away,PUSH,2
data/raw/images/img_01193.jpg,unlock and open the box,OPEN,3
data/raw/images/img_01194.jpg,close the cabinet,CLOSE,4
data/raw/images/img_01195.jpg,pick up the red block,PICK,0
data/raw/images/img_01196.jpg,put the object down carefully,PLACE,1
data/raw/images/img_01197.jpg,move the cube away,PUSH,2
data/raw/images/img_01198.jpg,unlock and open the box,OPEN,3
data/raw/images/img_01199.jpg,close the cabinet,CLOSE,4
data/raw/images/img_01200.jpg,pick up the red block,PICK,0
data/raw/images/img_01201.jpg,put the object down carefully,PLACE,1
data/raw/images/img_01202.jpg,move the cube away,PUSH,2
data/raw/images/img_01203.jpg,unlock and open the box,OPEN,3
data/raw/images/img_01204.jpg,close the cabinet,CLOSE,4
data/raw/images/img_01205.jpg,pick up the red block,PICK,0
data/raw/images/img_01206.jpg,put the object down carefully,PLACE,1
data/raw/images/img_01207.jpg,move the cube away,PUSH,2
data/raw/images/img_01208.jpg,unlock and open the box,OPEN,3
data/raw/images/img_01209.jpg,close the cabinet,CLOSE,4
data/raw/images/img_01210.jpg,pick up the red block,PICK,0
data/raw/images/img_01211.jpg,put the object down carefully,PLACE,1
data/raw/images/img_01212.jpg,move the cube away,PUSH,2
data/raw/images/img_01213.jpg,unlock and open the box,OPEN,3
data/raw/images/img_01214.jpg,close the cabinet,CLOSE,4
data/raw/images/img_01215.jpg,pick up the red block,PICK,0
data/raw/images/img_01216.jpg,put the object down carefully,PLACE,1
data/raw/images/img_01217.jpg,move the cube away,PUSH,2
data/raw/images/img_01218.jpg,unlock and open the box,OPEN,3
data/raw/images/img_01219.jpg,close the cabinet,CLOSE,4
data/raw/images/img_01220.jpg,pick up the red block,PICK,0
data/raw/images/img_01221.jpg,put the object down carefully,PLACE,1
data/raw/images/img_01222.jpg,move the cube away,PUSH,2
data/raw/images/img_01223.jpg,unlock and open the box,OPEN,3
data/raw/images/img_01224.jpg,close the cabinet,CLOSE,4
data/raw/images/img_01225.jpg,pick up the red block,PICK,0
data/raw/images/img_01226.jpg,put the object down carefully,PLACE,1
data/raw/images/img_01227.jpg,move the cube away,PUSH,2
data/raw/images/img_01228.jpg,unlock and open the box,OPEN,3
data/raw/images/img_01229.jpg,close the cabinet,CLOSE,4
data/raw/images/img_01230.jpg,pick up the red block,PICK,0
data/raw/images/img_01231.jpg,put the object down carefully,PLACE,1
data/raw/images/img_01232.jpg,move the cube away,PUSH,2
data/raw/images/img_01233.jpg,unlock and open the box,OPEN,3
data/raw/images/img_01234.jpg,close the cabinet,CLOSE,4
data/raw/images/img_01235.jpg,pick up the red block,PICK,0
data/raw/images/img_01236.jpg,put the object down carefully,PLACE,1
data/raw/images/img_01237.jpg,move the cube away,PUSH,2
data/raw/images/img_01238.jpg,unlock and open the box,OPEN,3
data/raw/images/img_01239.jpg,close the cabinet,CLOSE,4
data/raw/images/img_01240.jpg,pick up the red block,PICK,0
data/raw/images/img_01241.jpg,put the object down carefully,PLACE,1
data/raw/images/img_01242.jpg,move the cube away,PUSH,2
data/raw/images/img_01243.jpg,unlock and open the box,OPEN,3
data/raw/images/img_01244.jpg,close the cabinet,CLOSE,4
data/raw/images/img_01245.jpg,pick up the red block,PICK,0
data/raw/images/img_01246.jpg,put the object down carefully,PLACE,1
data/raw/images/img_01247.jpg,move the cube away,PUSH,2
data/raw/images/img_01248.jpg,unlock and open the box,OPEN,3
data/raw/images/img_01249.jpg,close the cabinet,CLOSE,4
data/raw/images/img_01250.jpg,pick up the red block,PICK,0
data/raw/images/img_01251.jpg,put the object down carefully,PLACE,1
data/raw/images/img_01252.jpg,move the cube away,PUSH,2
data/raw/images/img_01253.jpg,unlock and open the box,OPEN,3
data/raw/images/img_01254.jpg,close the cabinet,CLOSE,4
data/raw/images/img_01255.jpg,pick up the red block,PICK,0
data/raw/images/img_01256.jpg,put the object down carefully,PLACE,1
data/raw/images/img_01257.jpg,move the cube away,PUSH,2
data/raw/images/img_01258.jpg,unlock and open the box,OPEN,3
data/raw/images/img_01259.jpg,close the cabinet,CLOSE,4
data/raw/images/img_01260.jpg,pick up the red block,PICK,0
data/raw/images/img_01261.jpg,put the object down carefully,PLACE,1
data/raw/images/img_01262.jpg,move the cube away,PUSH,2
data/raw/images/img_01263.jpg,unlock and open the box,OPEN,3
data/raw/images/img_01264.jpg,close the cabinet,CLOSE,4
data/raw/images/img_01265.jpg,pick up the red block,PICK,0
data/raw/images/img_01266.jpg,put the object down carefully,PLACE,1
data/raw/images/img_01267.jpg,move the cube away,PUSH,2
data/raw/images/img_01268.jpg,unlock and open the box,OPEN,3
data/raw/images/img_01269.jpg,close the cabinet,CLOSE,4
data/raw/images/img_01270.jpg,pick up the red block,PICK,0
data/raw/images/img_01271.jpg,put the object down carefully,PLACE,1
data/raw/images/img_01272.jpg,move the cube away,PUSH,2
data/raw/images/img_01273.jpg,unlock and open the box,OPEN,3
data/raw/images/img_01274.jpg,close the cabinet,CLOSE,4
data/raw/images/img_01275.jpg,pick up the red block,PICK,0
data/raw/images/img_01276.jpg,put the object down carefully,PLACE,1
data/raw/images/img_01277.jpg,move the cube away,PUSH,2
data/raw/images/img_01278.jpg,unlock and open the box,OPEN,3
data/raw/images/img_01279.jpg,close the cabinet,CLOSE,4
data/raw/images/img_01280.jpg,pick up the red block,PICK,0
data/raw/images/img_01281.jpg,put the object down carefully,PLACE,1
data/raw/images/img_01282.jpg,move the cube away,PUSH,2
data/raw/images/img_01283.jpg,unlock and open the box,OPEN,3
data/raw/images/img_01284.jpg,close the cabinet,CLOSE,4
data/raw/images/img_01285.jpg,pick up the red block,PICK,0
data/raw/images/img_01286.jpg,put the object down carefully,PLACE,1
data/raw/images/img_01287.jpg,move the cube away,PUSH,2
data/raw/images/img_01288.jpg,unlock and open the box,OPEN,3
data/raw/images/img_01289.jpg,close the cabinet,CLOSE,4
data/raw/images/img_01290.jpg,pick up the red block,PICK,0
data/raw/images/img_01291.jpg,put the object down carefully,PLACE,1
data/raw/images/img_01292.jpg,move the cube away,PUSH,2
data/raw/images/img_01293.jpg,unlock and open the box,OPEN,3
data/raw/images/img_01294.jpg,close the cabinet,CLOSE,4
data/raw/images/img_01295.jpg,pick up the red block,PICK,0
data/raw/images/img_01296.jpg,put the object down carefully,PLACE,1
data/raw/images/img_01297.jpg,move the cube away,PUSH,2
data/raw/images/img_01298.jpg,unlock and open the box,OPEN,3
data/raw/images/img_01299.jpg,close the cabinet,CLOSE,4
data/raw/images/img_01300.jpg,pick up the red block,PICK,0
data/raw/images/img_01301.jpg,put the object down carefully,PLACE,1
data/raw/images/img_01302.jpg,move the cube away,PUSH,2
data/raw/images/img_01303.jpg,unlock and open the box,OPEN,3
data/raw/images/img_01304.jpg,close the cabinet,CLOSE,4
data/raw/images/img_01305.jpg,pick up the red block,PICK,0
data/raw/images/img_01306.jpg,put the object down carefully,PLACE,1
data/raw/images/img_01307.jpg,move the cube away,PUSH,2
data/raw/images/img_01308.jpg,unlock and open the box,OPEN,3
data/raw/images/img_01309.jpg,close the cabinet,CLOSE,4
data/raw/images/img_01310.jpg,pick up the red block,PICK,0
data/raw/images/img_01311.jpg,put the object down carefully,PLACE,1
data/raw/images/img_01312.jpg,move the cube away,PUSH,2
data/raw/images/img_01313.jpg,unlock and open the box,OPEN,3
data/raw/images/img_01314.jpg,close the cabinet,CLOSE,4
data/raw/images/img_01315.jpg,pick up the red block,PICK,0
data/raw/images/img_01316.jpg,put the object down carefully,PLACE,1
data/raw/images/img_01317.jpg,move the cube away,PUSH,2
data/raw/images/img_01318.jpg,unlock and open the box,OPEN,3
data/raw/images/img_01319.jpg,close the cabinet,CLOSE,4
data/raw/images/img_01320.jpg,pick up the red block,PICK,0
data/raw/images/img_01321.jpg,put the object down carefully,PLACE,1
data/raw/images/img_01322.jpg,move the cube away,PUSH,2
data/raw/images/img_01323.jpg,unlock and open the box,OPEN,3
data/raw/images/img_01324.jpg,close the cabinet,CLOSE,4
data/raw/images/img_01325.jpg,pick up the red block,PICK,0
data/raw/images/img_01326.jpg,put the object down carefully,PLACE,1
data/raw/images/img_01327.jpg,move the cube away,PUSH,2
data/raw/images/img_01328.jpg,unlock and open the box,OPEN,3
data/raw/images/img_01329.jpg,close the cabinet,CLOSE,4
data/raw/images/img_01330.jpg,pick up the red block,PICK,0
data/raw/images/img_01331.jpg,put the object down carefully,PLACE,1
data/raw/images/img_01332.jpg,move the cube away,PUSH,2
data/raw/images/img_01333.jpg,unlock and open the box,OPEN,3
data/raw/images/img_01334.jpg,close the cabinet,CLOSE,4
data/raw/images/img_01335.jpg,pick up the red block,PICK,0
data/raw/images/img_01336.jpg,put the object down carefully,PLACE,1
data/raw/images/img_01337.jpg,move the cube away,PUSH,2
data/raw/images/img_01338.jpg,unlock and open the box,OPEN,3
data/raw/images/img_01339.jpg,close the cabinet,CLOSE,4
data/raw/images/img_01340.jpg,pick up the red block,PICK,0
data/raw/images/img_01341.jpg,put the object down carefully,PLACE,1
data/raw/images/img_01342.jpg,move the cube away,PUSH,2
data/raw/images/img_01343.jpg,unlock and open the box,OPEN,3
data/raw/images/img_01344.jpg,close the cabinet,CLOSE,4
data/raw/images/img_01345.jpg,pick up the red block,PICK,0
data/raw/images/img_01346.jpg,put the object down carefully,PLACE,1
data/raw/images/img_01347.jpg,move the cube away,PUSH,2
data/raw/images/img_01348.jpg,unlock and open the box,OPEN,3
data/raw/images/img_01349.jpg,close the cabinet,CLOSE,4
data/raw/images/img_01350.jpg,pick up the red block,PICK,0
data/raw/images/img_01351.jpg,put the object down carefully,PLACE,1
data/raw/images/img_01352.jpg,move the cube away,PUSH,2
data/raw/images/img_01353.jpg,unlock and open the box,OPEN,3
data/raw/images/img_01354.jpg,close the cabinet,CLOSE,4
data/raw/images/img_01355.jpg,pick up the red block,PICK,0
data/raw/images/img_01356.jpg,put the object down carefully,PLACE,1
data/raw/images/img_01357.jpg,move the cube away,PUSH,2
data/raw/images/img_01358.jpg,unlock and open the box,OPEN,3
data/raw/images/img_01359.jpg,close the cabinet,CLOSE,4
data/raw/images/img_01360.jpg,pick up the red block,PICK,0
data/raw/images/img_01361.jpg,put the object down carefully,PLACE,1
data/raw/images/img_01362.jpg,move the cube away,PUSH,2
data/raw/images/img_01363.jpg,unlock and open the box,OPEN,3
data/raw/images/img_01364.jpg,close the cabinet,CLOSE,4
data/raw/images/img_01365.jpg,pick up the red block,PICK,0
data/raw/images/img_01366.jpg,put the object down carefully,PLACE,1
data/raw/images/img_01367.jpg,move the cube away,PUSH,2
data/raw/images/img_01368.jpg,unlock and open the box,OPEN,3
data/raw/images/img_01369.jpg,close the cabinet,CLOSE,4
data/raw/images/img_01370.jpg,pick up the red block,PICK,0
data/raw/images/img_01371.jpg,put the object down carefully,PLACE,1
data/raw/images/img_01372.jpg,move the cube away,PUSH,2
data/raw/images/img_01373.jpg,unlock and open the box,OPEN,3
data/raw/images/img_01374.jpg,close the cabinet,CLOSE,4
data/raw/images/img_01375.jpg,pick up the red block,PICK,0
data/raw/images/img_01376.jpg,put the object down carefully,PLACE,1
data/raw/images/img_01377.jpg,move the cube away,PUSH,2
data/raw/images/img_01378.jpg,unlock and open the box,OPEN,3
data/raw/images/img_01379.jpg,close the cabinet,CLOSE,4
data/raw/images/img_01380.jpg,pick up the red block,PICK,0
data/raw/images/img_01381.jpg,put the object down carefully,PLACE,1
data/raw/images/img_01382.jpg,move the cube away,PUSH,2
data/raw/images/img_01383.jpg,unlock and open the box,OPEN,3
data/raw/images/img_01384.jpg,close the cabinet,CLOSE,4
data/raw/images/img_01385.jpg,pick up the red block,PICK,0
data/raw/images/img_01386.jpg,put the object down carefully,PLACE,1
data/raw/images/img_01387.jpg,move the cube away,PUSH,2
data/raw/images/img_01388.jpg,unlock and open the box,OPEN,3
data/raw/images/img_01389.jpg,close the cabinet,CLOSE,4
data/raw/images/img_01390.jpg,pick up the red block,PICK,0
data/raw/images/img_01391.jpg,put the object down carefully,PLACE,1
data/raw/images/img_01392.jpg,move the cube away,PUSH,2
data/raw/images/img_01393.jpg,unlock and open the box,OPEN,3
data/raw/images/img_01394.jpg,close the cabinet,CLOSE,4
data/raw/images/img_01395.jpg,pick up the red block,PICK,0
data/raw/images/img_01396.jpg,put the object down carefully,PLACE,1
data/raw/images/img_01397.jpg,move the cube away,PUSH,2
data/raw/images/img_01398.jpg,unlock and open the box,OPEN,3
data/raw/images/img_01399.jpg,close the cabinet,CLOSE,4
data/raw/images/img_01400.jpg,pick up the red block,PICK,0
data/raw/images/img_01401.jpg,put the object down carefully,PLACE,1
data/raw/images/img_01402.jpg,move the cube away,PUSH,2
data/raw/images/img_01403.jpg,unlock and open the box,OPEN,3
data/raw/images/img_01404.jpg,close the cabinet,CLOSE,4
data/raw/images/img_01405.jpg,pick up the red block,PICK,0
data/raw/images/img_01406.jpg,put the object down carefully,PLACE,1
data/raw/images/img_01407.jpg,move the cube away,PUSH,2
data/raw/images/img_01408.jpg,unlock and open the box,OPEN,3
data/raw/images/img_01409.jpg,close the cabinet,CLOSE,4
data/raw/images/img_01410.jpg,pick up the red block,PICK,0
data/raw/images/img_01411.jpg,put the object down carefully,PLACE,1
data/raw/images/img_01412.jpg,move the cube away,PUSH,2
data/raw/images/img_01413.jpg,unlock and open the box,OPEN,3
data/raw/images/img_01414.jpg,close the cabinet,CLOSE,4
data/raw/images/img_01415.jpg,pick up the red block,PICK,0
data/raw/images/img_01416.jpg,put the object down carefully,PLACE,1
data/raw/images/img_01417.jpg,move the cube away,PUSH,2
data/raw/images/img_01418.jpg,unlock and open the box,OPEN,3
data/raw/images/img_01419.jpg,close the cabinet,CLOSE,4
data/raw/images/img_01420.jpg,pick up the red block,PICK,0
data/raw/images/img_01421.jpg,put the object down carefully,PLACE,1
data/raw/images/img_01422.jpg,move the cube away,PUSH,2
data/raw/images/img_01423.jpg,unlock and open the box,OPEN,3
data/raw/images/img_01424.jpg,close the cabinet,CLOSE,4
data/raw/images/img_01425.jpg,pick up the red block,PICK,0
data/raw/images/img_01426.jpg,put the object down carefully,PLACE,1
data/raw/images/img_01427.jpg,move the cube away,PUSH,2
data/raw/images/img_01428.jpg,unlock and open the box,OPEN,3
data/raw/images/img_01429.jpg,close the cabinet,CLOSE,4
data/raw/images/img_01430.jpg,pick up the red block,PICK,0
data/raw/images/img_01431.jpg,put the object down carefully,PLACE,1
data/raw/images/img_01432.jpg,move the cube away,PUSH,2
data/raw/images/img_01433.jpg,unlock and open the box,OPEN,3
data/raw/images/img_01434.jpg,close the cabinet,CLOSE,4
data/raw/images/img_01435.jpg,pick up the red block,PICK,0
data/raw/images/img_01436.jpg,put the object down carefully,PLACE,1
data/raw/images/img_01437.jpg,move the cube away,PUSH,2
data/raw/images/img_01438.jpg,unlock and open the box,OPEN,3
data/raw/images/img_01439.jpg,close the cabinet,CLOSE,4
data/raw/images/img_01440.jpg,pick up the red block,PICK,0
data/raw/images/img_01441.jpg,put the object down carefully,PLACE,1
data/raw/images/img_01442.jpg,move the cube away,PUSH,2
data/raw/images/img_01443.jpg,unlock and open the box,OPEN,3
data/raw/images/img_01444.jpg,close the cabinet,CLOSE,4
data/raw/images/img_01445.jpg,pick up the red block,PICK,0
data/raw/images/img_01446.jpg,put the object down carefully,PLACE,1
data/raw/images/img_01447.jpg,move the cube away,PUSH,2
data/raw/images/img_01448.jpg,unlock and open the box,OPEN,3
data/raw/images/img_01449.jpg,close the cabinet,CLOSE,4
data/raw/images/img_01450.jpg,pick up the red block,PICK,0
data/raw/images/img_01451.jpg,put the object down carefully,PLACE,1
data/raw/images/img_01452.jpg,move the cube away,PUSH,2
data/raw/images/img_01453.jpg,unlock and open the box,OPEN,3
data/raw/images/img_01454.jpg,close the cabinet,CLOSE,4
data/raw/images/img_01455.jpg,pick up the red block,PICK,0
data/raw/images/img_01456.jpg,put the object down carefully,PLACE,1
data/raw/images/img_01457.jpg,move the cube away,PUSH,2
data/raw/images/img_01458.jpg,unlock and open the box,OPEN,3
data/raw/images/img_01459.jpg,close the cabinet,CLOSE,4
data/raw/images/img_01460.jpg,pick up the red block,PICK,0
data/raw/images/img_01461.jpg,put the object down carefully,PLACE,1
data/raw/images/img_01462.jpg,move the cube away,PUSH,2
data/raw/images/img_01463.jpg,unlock and open the box,OPEN,3
data/raw/images/img_01464.jpg,close the cabinet,CLOSE,4
data/raw/images/img_01465.jpg,pick up the red block,PICK,0
data/raw/images/img_01466.jpg,put the object down carefully,PLACE,1
data/raw/images/img_01467.jpg,move the cube away,PUSH,2
data/raw/images/img_01468.jpg,unlock and open the box,OPEN,3
data/raw/images/img_01469.jpg,close the cabinet,CLOSE,4
data/raw/images/img_01470.jpg,pick up the red block,PICK,0
data/raw/images/img_01471.jpg,put the object down carefully,PLACE,1
data/raw/images/img_01472.jpg,move the cube away,PUSH,2
data/raw/images/img_01473.jpg,unlock and open the box,OPEN,3
data/raw/images/img_01474.jpg,close the cabinet,CLOSE,4
data/raw/images/img_01475.jpg,pick up the red block,PICK,0
data/raw/images/img_01476.jpg,put the object down carefully,PLACE,1
data/raw/images/img_01477.jpg,move the cube away,PUSH,2
data/raw/images/img_01478.jpg,unlock and open the box,OPEN,3
data/raw/images/img_01479.jpg,close the cabinet,CLOSE,4
data/raw/images/img_01480.jpg,pick up the red block,PICK,0
data/raw/images/img_01481.jpg,put the object down carefully,PLACE,1
data/raw/images/img_01482.jpg,move the cube away,PUSH,2
data/raw/images/img_01483.jpg,unlock and open the box,OPEN,3
data/raw/images/img_01484.jpg,close the cabinet,CLOSE,4
data/raw/images/img_01485.jpg,pick up the red block,PICK,0
data/raw/images/img_01486.jpg,put the object down carefully,PLACE,1
data/raw/images/img_01487.jpg,move the cube away,PUSH,2
data/raw/images/img_01488.jpg,unlock and open the box,OPEN,3
data/raw/images/img_01489.jpg,close the cabinet,CLOSE,4
data/raw/images/img_01490.jpg,pick up the red block,PICK,0
data/raw/images/img_01491.jpg,put the object down carefully,PLACE,1
data/raw/images/img_01492.jpg,move the cube away,PUSH,2
data/raw/images/img_01493.jpg,unlock and open the box,OPEN,3
data/raw/images/img_01494.jpg,close the cabinet,CLOSE,4
data/raw/images/img_01495.jpg,pick up the red block,PICK,0
data/raw/images/img_01496.jpg,put the object down carefully,PLACE,1
data/raw/images/img_01497.jpg,move the cube away,PUSH,2
data/raw/images/img_01498.jpg,unlock and open the box,OPEN,3
data/raw/images/img_01499.jpg,close the cabinet,CLOSE,4
data/raw/images/img_01500.jpg,pick up the red block,PICK,0
data/raw/images/img_01501.jpg,put the object down carefully,PLACE,1
data/raw/images/img_01502.jpg,move the cube away,PUSH,2
data/raw/images/img_01503.jpg,unlock and open the box,OPEN,3
data/raw/images/img_01504.jpg,close the cabinet,CLOSE,4
data/raw/images/img_01505.jpg,pick up the red block,PICK,0
data/raw/images/img_01506.jpg,put the object down carefully,PLACE,1
data/raw/images/img_01507.jpg,move the cube away,PUSH,2
data/raw/images/img_01508.jpg,unlock and open the box,OPEN,3
data/raw/images/img_01509.jpg,close the cabinet,CLOSE,4
data/raw/images/img_01510.jpg,pick up the red block,PICK,0
data/raw/images/img_01511.jpg,put the object down carefully,PLACE,1
data/raw/images/img_01512.jpg,move the cube away,PUSH,2
data/raw/images/img_01513.jpg,unlock and open the box,OPEN,3
data/raw/images/img_01514.jpg,close the cabinet,CLOSE,4
data/raw/images/img_01515.jpg,pick up the red block,PICK,0
data/raw/images/img_01516.jpg,put the object down carefully,PLACE,1
data/raw/images/img_01517.jpg,move the cube away,PUSH,2
data/raw/images/img_01518.jpg,unlock and open the box,OPEN,3
data/raw/images/img_01519.jpg,close the cabinet,CLOSE,4
data/raw/images/img_01520.jpg,pick up the red block,PICK,0
data/raw/images/img_01521.jpg,put the object down carefully,PLACE,1
data/raw/images/img_01522.jpg,move the cube away,PUSH,2
data/raw/images/img_01523.jpg,unlock and open the box,OPEN,3
data/raw/images/img_01524.jpg,close the cabinet,CLOSE,4
data/raw/images/img_01525.jpg,pick up the red block,PICK,0
data/raw/images/img_01526.jpg,put the object down carefully,PLACE,1
data/raw/images/img_01527.jpg,move the cube away,PUSH,2
data/raw/images/img_01528.jpg,unlock and open the box,OPEN,3
data/raw/images/img_01529.jpg,close the cabinet,CLOSE,4
data/raw/images/img_01530.jpg,pick up the red block,PICK,0
data/raw/images/img_01531.jpg,put the object down carefully,PLACE,1
data/raw/images/img_01532.jpg,move the cube away,PUSH,2
data/raw/images/img_01533.jpg,unlock and open the box,OPEN,3
data/raw/images/img_01534.jpg,close the cabinet,CLOSE,4
data/raw/images/img_01535.jpg,pick up the red block,PICK,0
data/raw/images/img_01536.jpg,put the object down carefully,PLACE,1
data/raw/images/img_01537.jpg,move the cube away,PUSH,2
data/raw/images/img_01538.jpg,unlock and open the box,OPEN,3
data/raw/images/img_01539.jpg,close the cabinet,CLOSE,4
data/raw/images/img_01540.jpg,pick up the red block,PICK,0
data/raw/images/img_01541.jpg,put the object down carefully,PLACE,1
data/raw/images/img_01542.jpg,move the cube away,PUSH,2
data/raw/images/img_01543.jpg,unlock and open the box,OPEN,3
data/raw/images/img_01544.jpg,close the cabinet,CLOSE,4
data/raw/images/img_01545.jpg,pick up the red block,PICK,0
data/raw/images/img_01546.jpg,put the object down carefully,PLACE,1
data/raw/images/img_01547.jpg,move the cube away,PUSH,2
data/raw/images/img_01548.jpg,unlock and open the box,OPEN,3
data/raw/images/img_01549.jpg,close the cabinet,CLOSE,4
data/raw/images/img_01550.jpg,pick up the red block,PICK,0
data/raw/images/img_01551.jpg,put the object down carefully,PLACE,1
data/raw/images/img_01552.jpg,move the cube away,PUSH,2
data/raw/images/img_01553.jpg,unlock and open the box,OPEN,3
data/raw/images/img_01554.jpg,close the cabinet,CLOSE,4
data/raw/images/img_01555.jpg,pick up the red block,PICK,0
data/raw/images/img_01556.jpg,put the object down carefully,PLACE,1
data/raw/images/img_01557.jpg,move the cube away,PUSH,2
data/raw/images/img_01558.jpg,unlock and open the box,OPEN,3
data/raw/images/img_01559.jpg,close the cabinet,CLOSE,4
data/raw/images/img_01560.jpg,pick up the red block,PICK,0
data/raw/images/img_01561.jpg,put the object down carefully,PLACE,1
data/raw/images/img_01562.jpg,move the cube away,PUSH,2
data/raw/images/img_01563.jpg,unlock and open the box,OPEN,3
data/raw/images/img_01564.jpg,close the cabinet,CLOSE,4
data/raw/images/img_01565.jpg,pick up the red block,PICK,0
data/raw/images/img_01566.jpg,put the object down carefully,PLACE,1
data/raw/images/img_01567.jpg,move the cube away,PUSH,2
data/raw/images/img_01568.jpg,unlock and open the box,OPEN,3
data/raw/images/img_01569.jpg,close the cabinet,CLOSE,4
data/raw/images/img_01570.jpg,pick up the red block,PICK,0
data/raw/images/img_01571.jpg,put the object down carefully,PLACE,1
data/raw/images/img_01572.jpg,move the cube away,PUSH,2
data/raw/images/img_01573.jpg,unlock and open the box,OPEN,3
data/raw/images/img_01574.jpg,close the cabinet,CLOSE,4
data/raw/images/img_01575.jpg,pick up the red block,PICK,0
data/raw/images/img_01576.jpg,put the object down carefully,PLACE,1
data/raw/images/img_01577.jpg,move the cube away,PUSH,2
data/raw/images/img_01578.jpg,unlock and open the box,OPEN,3
data/raw/images/img_01579.jpg,close the cabinet,CLOSE,4
data/raw/images/img_01580.jpg,pick up the red block,PICK,0
data/raw/images/img_01581.jpg,put the object down carefully,PLACE,1
data/raw/images/img_01582.jpg,move the cube away,PUSH,2
data/raw/images/img_01583.jpg,unlock and open the box,OPEN,3
data/raw/images/img_01584.jpg,close the cabinet,CLOSE,4
data/raw/images/img_01585.jpg,pick up the red block,PICK,0
data/raw/images/img_01586.jpg,put the object down carefully,PLACE,1
data/raw/images/img_01587.jpg,move the cube away,PUSH,2
data/raw/images/img_01588.jpg,unlock and open the box,OPEN,3
data/raw/images/img_01589.jpg,close the cabinet,CLOSE,4
data/raw/images/img_01590.jpg,pick up the red block,PICK,0
data/raw/images/img_01591.jpg,put the object down carefully,PLACE,1
data/raw/images/img_01592.jpg,move the cube away,PUSH,2
data/raw/images/img_01593.jpg,unlock and open the box,OPEN,3
data/raw/images/img_01594.jpg,close the cabinet,CLOSE,4
data/raw/images/img_01595.jpg,pick up the red block,PICK,0
data/raw/images/img_01596.jpg,put the object down carefully,PLACE,1
data/raw/images/img_01597.jpg,move the cube away,PUSH,2
data/raw/images/img_01598.jpg,unlock and open the box,OPEN,3
data/raw/images/img_01599.jpg,close the cabinet,CLOSE,4
data/raw/images/img_01600.jpg,pick up the red block,PICK,0
data/raw/images/img_01601.jpg,put the object down carefully,PLACE,1
data/raw/images/img_01602.jpg,move the cube away,PUSH,2
data/raw/images/img_01603.jpg,unlock and open the box,OPEN,3
data/raw/images/img_01604.jpg,close the cabinet,CLOSE,4
data/raw/images/img_01605.jpg,pick up the red block,PICK,0
data/raw/images/img_01606.jpg,put the object down carefully,PLACE,1
data/raw/images/img_01607.jpg,move the cube away,PUSH,2
data/raw/images/img_01608.jpg,unlock and open the box,OPEN,3
data/raw/images/img_01609.jpg,close the cabinet,CLOSE,4
data/raw/images/img_01610.jpg,pick up the red block,PICK,0
data/raw/images/img_01611.jpg,put the object down carefully,PLACE,1
data/raw/images/img_01612.jpg,move the cube away,PUSH,2
data/raw/images/img_01613.jpg,unlock and open the box,OPEN,3
data/raw/images/img_01614.jpg,close the cabinet,CLOSE,4
data/raw/images/img_01615.jpg,pick up the red block,PICK,0
data/raw/images/img_01616.jpg,put the object down carefully,PLACE,1
data/raw/images/img_01617.jpg,move the cube away,PUSH,2
data/raw/images/img_01618.jpg,unlock and open the box,OPEN,3
data/raw/images/img_01619.jpg,close the cabinet,CLOSE,4
data/raw/images/img_01620.jpg,pick up the red block,PICK,0
data/raw/images/img_01621.jpg,put the object down carefully,PLACE,1
data/raw/images/img_01622.jpg,move the cube away,PUSH,2
data/raw/images/img_01623.jpg,unlock and open the box,OPEN,3
data/raw/images/img_01624.jpg,close the cabinet,CLOSE,4
data/raw/images/img_01625.jpg,pick up the red block,PICK,0
data/raw/images/img_01626.jpg,put the object down carefully,PLACE,1
data/raw/images/img_01627.jpg,move the cube away,PUSH,2
data/raw/images/img_01628.jpg,unlock and open the box,OPEN,3
data/raw/images/img_01629.jpg,close the cabinet,CLOSE,4
data/raw/images/img_01630.jpg,pick up the red block,PICK,0
data/raw/images/img_01631.jpg,put the object down carefully,PLACE,1
data/raw/images/img_01632.jpg,move the cube away,PUSH,2
data/raw/images/img_01633.jpg,unlock and open the box,OPEN,3
data/raw/images/img_01634.jpg,close the cabinet,CLOSE,4
data/raw/images/img_01635.jpg,pick up the red block,PICK,0
data/raw/images/img_01636.jpg,put the object down carefully,PLACE,1
data/raw/images/img_01637.jpg,move the cube away,PUSH,2
data/raw/images/img_01638.jpg,unlock and open the box,OPEN,3
data/raw/images/img_01639.jpg,close the cabinet,CLOSE,4
data/raw/images/img_01640.jpg,pick up the red block,PICK,0
data/raw/images/img_01641.jpg,put the object down carefully,PLACE,1
data/raw/images/img_01642.jpg,move the cube away,PUSH,2
data/raw/images/img_01643.jpg,unlock and open the box,OPEN,3
data/raw/images/img_01644.jpg,close the cabinet,CLOSE,4
data/raw/images/img_01645.jpg,pick up the red block,PICK,0
data/raw/images/img_01646.jpg,put the object down carefully,PLACE,1
data/raw/images/img_01647.jpg,move the cube away,PUSH,2
data/raw/images/img_01648.jpg,unlock and open the box,OPEN,3
data/raw/images/img_01649.jpg,close the cabinet,CLOSE,4
data/raw/images/img_01650.jpg,pick up the red block,PICK,0
data/raw/images/img_01651.jpg,put the object down carefully,PLACE,1
data/raw/images/img_01652.jpg,move the cube away,PUSH,2
data/raw/images/img_01653.jpg,unlock and open the box,OPEN,3
data/raw/images/img_01654.jpg,close the cabinet,CLOSE,4
data/raw/images/img_01655.jpg,pick up the red block,PICK,0
data/raw/images/img_01656.jpg,put the object down carefully,PLACE,1
data/raw/images/img_01657.jpg,move the cube away,PUSH,2
data/raw/images/img_01658.jpg,unlock and open the box,OPEN,3
data/raw/images/img_01659.jpg,close the cabinet,CLOSE,4
data/raw/images/img_01660.jpg,pick up the red block,PICK,0
data/raw/images/img_01661.jpg,put the object down carefully,PLACE,1
data/raw/images/img_01662.jpg,move the cube away,PUSH,2
data/raw/images/img_01663.jpg,unlock and open the box,OPEN,3
data/raw/images/img_01664.jpg,close the cabinet,CLOSE,4
data/raw/images/img_01665.jpg,pick up the red block,PICK,0
data/raw/images/img_01666.jpg,put the object down carefully,PLACE,1
data/raw/images/img_01667.jpg,move the cube away,PUSH,2
data/raw/images/img_01668.jpg,unlock and open the box,OPEN,3
data/raw/images/img_01669.jpg,close the cabinet,CLOSE,4
data/raw/images/img_01670.jpg,pick up the red block,PICK,0
data/raw/images/img_01671.jpg,put the object down carefully,PLACE,1
data/raw/images/img_01672.jpg,move the cube away,PUSH,2
data/raw/images/img_01673.jpg,unlock and open the box,OPEN,3
data/raw/images/img_01674.jpg,close the cabinet,CLOSE,4
data/raw/images/img_01675.jpg,pick up the red block,PICK,0
data/raw/images/img_01676.jpg,put the object down carefully,PLACE,1
data/raw/images/img_01677.jpg,move the cube away,PUSH,2
data/raw/images/img_01678.jpg,unlock and open the box,OPEN,3
data/raw/images/img_01679.jpg,close the cabinet,CLOSE,4
data/raw/images/img_01680.jpg,pick up the red block,PICK,0
data/raw/images/img_01681.jpg,put the object down carefully,PLACE,1
data/raw/images/img_01682.jpg,move the cube away,PUSH,2
data/raw/images/img_01683.jpg,unlock and open the box,OPEN,3
data/raw/images/img_01684.jpg,close the cabinet,CLOSE,4
data/raw/images/img_01685.jpg,pick up the red block,PICK,0
data/raw/images/img_01686.jpg,put the object down carefully,PLACE,1
data/raw/images/img_01687.jpg,move the cube away,PUSH,2
data/raw/images/img_01688.jpg,unlock and open the box,OPEN,3
data/raw/images/img_01689.jpg,close the cabinet,CLOSE,4
data/raw/images/img_01690.jpg,pick up the red block,PICK,0
data/raw/images/img_01691.jpg,put the object down carefully,PLACE,1
data/raw/images/img_01692.jpg,move the cube away,PUSH,2
data/raw/images/img_01693.jpg,unlock and open the box,OPEN,3
data/raw/images/img_01694.jpg,close the cabinet,CLOSE,4
data/raw/images/img_01695.jpg,pick up the red block,PICK,0
data/raw/images/img_01696.jpg,put the object down carefully,PLACE,1
data/raw/images/img_01697.jpg,move the cube away,PUSH,2
data/raw/images/img_01698.jpg,unlock and open the box,OPEN,3
data/raw/images/img_01699.jpg,close the cabinet,CLOSE,4
data/raw/images/img_01700.jpg,pick up the red block,PICK,0
data/raw/images/img_01701.jpg,put the object down carefully,PLACE,1
data/raw/images/img_01702.jpg,move the cube away,PUSH,2
data/raw/images/img_01703.jpg,unlock and open the box,OPEN,3
data/raw/images/img_01704.jpg,close the cabinet,CLOSE,4
data/raw/images/img_01705.jpg,pick up the red block,PICK,0
data/raw/images/img_01706.jpg,put the object down carefully,PLACE,1
data/raw/images/img_01707.jpg,move the cube away,PUSH,2
data/raw/images/img_01708.jpg,unlock and open the box,OPEN,3
data/raw/images/img_01709.jpg,close the cabinet,CLOSE,4
data/raw/images/img_01710.jpg,pick up the red block,PICK,0
data/raw/images/img_01711.jpg,put the object down carefully,PLACE,1
data/raw/images/img_01712.jpg,move the cube away,PUSH,2
data/raw/images/img_01713.jpg,unlock and open the box,OPEN,3
data/raw/images/img_01714.jpg,close the cabinet,CLOSE,4
data/raw/images/img_01715.jpg,pick up the red block,PICK,0
data/raw/images/img_01716.jpg,put the object down carefully,PLACE,1
data/raw/images/img_01717.jpg,move the cube away,PUSH,2
data/raw/images/img_01718.jpg,unlock and open the box,OPEN,3
data/raw/images/img_01719.jpg,close the cabinet,CLOSE,4
data/raw/images/img_01720.jpg,pick up the red block,PICK,0
data/raw/images/img_01721.jpg,put the object down carefully,PLACE,1
data/raw/images/img_01722.jpg,move the cube away,PUSH,2
data/raw/images/img_01723.jpg,unlock and open the box,OPEN,3
data/raw/images/img_01724.jpg,close the cabinet,CLOSE,4
data/raw/images/img_01725.jpg,pick up the red block,PICK,0
data/raw/images/img_01726.jpg,put the object down carefully,PLACE,1
data/raw/images/img_01727.jpg,move the cube away,PUSH,2
data/raw/images/img_01728.jpg,unlock and open the box,OPEN,3
data/raw/images/img_01729.jpg,close the cabinet,CLOSE,4
data/raw/images/img_01730.jpg,pick up the red block,PICK,0
data/raw/images/img_01731.jpg,put the object down carefully,PLACE,1
data/raw/images/img_01732.jpg,move the cube away,PUSH,2
data/raw/images/img_01733.jpg,unlock and open the box,OPEN,3
data/raw/images/img_01734.jpg,close the cabinet,CLOSE,4
data/raw/images/img_01735.jpg,pick up the red block,PICK,0
data/raw/images/img_01736.jpg,put the object down carefully,PLACE,1
data/raw/images/img_01737.jpg,move the cube away,PUSH,2
data/raw/images/img_01738.jpg,unlock and open the box,OPEN,3
data/raw/images/img_01739.jpg,close the cabinet,CLOSE,4
data/raw/images/img_01740.jpg,pick up the red block,PICK,0
data/raw/images/img_01741.jpg,put the object down carefully,PLACE,1
data/raw/images/img_01742.jpg,move the cube away,PUSH,2
data/raw/images/img_01743.jpg,unlock and open the box,OPEN,3
data/raw/images/img_01744.jpg,close the cabinet,CLOSE,4
data/raw/images/img_01745.jpg,pick up the red block,PICK,0
data/raw/images/img_01746.jpg,put the object down carefully,PLACE,1
data/raw/images/img_01747.jpg,move the cube away,PUSH,2
data/raw/images/img_01748.jpg,unlock and open the box,OPEN,3
data/raw/images/img_01749.jpg,close the cabinet,CLOSE,4
data/raw/images/img_01750.jpg,pick up the red block,PICK,0
data/raw/images/img_01751.jpg,put the object down carefully,PLACE,1
data/raw/images/img_01752.jpg,move the cube away,PUSH,2
data/raw/images/img_01753.jpg,unlock and open the box,OPEN,3
data/raw/images/img_01754.jpg,close the cabinet,CLOSE,4
data/raw/images/img_01755.jpg,pick up the red block,PICK,0
data/raw/images/img_01756.jpg,put the object down carefully,PLACE,1
data/raw/images/img_01757.jpg,move the cube away,PUSH,2
data/raw/images/img_01758.jpg,unlock and open the box,OPEN,3
data/raw/images/img_01759.jpg,close the cabinet,CLOSE,4
data/raw/images/img_01760.jpg,pick up the red block,PICK,0
data/raw/images/img_01761.jpg,put the object down carefully,PLACE,1
data/raw/images/img_01762.jpg,move the cube away,PUSH,2
data/raw/images/img_01763.jpg,unlock and open the box,OPEN,3
data/raw/images/img_01764.jpg,close the cabinet,CLOSE,4
data/raw/images/img_01765.jpg,pick up the red block,PICK,0
data/raw/images/img_01766.jpg,put the object down carefully,PLACE,1
data/raw/images/img_01767.jpg,move the cube away,PUSH,2
data/raw/images/img_01768.jpg,unlock and open the box,OPEN,3
data/raw/images/img_01769.jpg,close the cabinet,CLOSE,4
data/raw/images/img_01770.jpg,pick up the red block,PICK,0
data/raw/images/img_01771.jpg,put the object down carefully,PLACE,1
data/raw/images/img_01772.jpg,move the cube away,PUSH,2
data/raw/images/img_01773.jpg,unlock and open the box,OPEN,3
data/raw/images/img_01774.jpg,close the cabinet,CLOSE,4
data/raw/images/img_01775.jpg,pick up the red block,PICK,0
data/raw/images/img_01776.jpg,put the object down carefully,PLACE,1
data/raw/images/img_01777.jpg,move the cube away,PUSH,2
data/raw/images/img_01778.jpg,unlock and open the box,OPEN,3
data/raw/images/img_01779.jpg,close the cabinet,CLOSE,4
data/raw/images/img_01780.jpg,pick up the red block,PICK,0
data/raw/images/img_01781.jpg,put the object down carefully,PLACE,1
data/raw/images/img_01782.jpg,move the cube away,PUSH,2
data/raw/images/img_01783.jpg,unlock and open the box,OPEN,3
data/raw/images/img_01784.jpg,close the cabinet,CLOSE,4
data/raw/images/img_01785.jpg,pick up the red block,PICK,0
data/raw/images/img_01786.jpg,put the object down carefully,PLACE,1
data/raw/images/img_01787.jpg,move the cube away,PUSH,2
data/raw/images/img_01788.jpg,unlock and open the box,OPEN,3
data/raw/images/img_01789.jpg,close the cabinet,CLOSE,4
data/raw/images/img_01790.jpg,pick up the red block,PICK,0
data/raw/images/img_01791.jpg,put the object down carefully,PLACE,1
data/raw/images/img_01792.jpg,move the cube away,PUSH,2
data/raw/images/img_01793.jpg,unlock and open the box,OPEN,3
data/raw/images/img_01794.jpg,close the cabinet,CLOSE,4
data/raw/images/img_01795.jpg,pick up the red block,PICK,0
data/raw/images/img_01796.jpg,put the object down carefully,PLACE,1
data/raw/images/img_01797.jpg,move the cube away,PUSH,2
data/raw/images/img_01798.jpg,unlock and open the box,OPEN,3
data/raw/images/img_01799.jpg,close the cabinet,CLOSE,4
data/raw/images/img_01800.jpg,pick up the red block,PICK,0
data/raw/images/img_01801.jpg,put the object down carefully,PLACE,1
data/raw/images/img_01802.jpg,move the cube away,PUSH,2
data/raw/images/img_01803.jpg,unlock and open the box,OPEN,3
data/raw/images/img_01804.jpg,close the cabinet,CLOSE,4
data/raw/images/img_01805.jpg,pick up the red block,PICK,0
data/raw/images/img_01806.jpg,put the object down carefully,PLACE,1
data/raw/images/img_01807.jpg,move the cube away,PUSH,2
data/raw/images/img_01808.jpg,unlock and open the box,OPEN,3
data/raw/images/img_01809.jpg,close the cabinet,CLOSE,4
data/raw/images/img_01810.jpg,pick up the red block,PICK,0
data/raw/images/img_01811.jpg,put the object down carefully,PLACE,1
data/raw/images/img_01812.jpg,move the cube away,PUSH,2
data/raw/images/img_01813.jpg,unlock and open the box,OPEN,3
data/raw/images/img_01814.jpg,close the cabinet,CLOSE,4
data/raw/images/img_01815.jpg,pick up the red block,PICK,0
data/raw/images/img_01816.jpg,put the object down carefully,PLACE,1
data/raw/images/img_01817.jpg,move the cube away,PUSH,2
data/raw/images/img_01818.jpg,unlock and open the box,OPEN,3
data/raw/images/img_01819.jpg,close the cabinet,CLOSE,4
data/raw/images/img_01820.jpg,pick up the red block,PICK,0
data/raw/images/img_01821.jpg,put the object down carefully,PLACE,1
data/raw/images/img_01822.jpg,move the cube away,PUSH,2
data/raw/images/img_01823.jpg,unlock and open the box,OPEN,3
data/raw/images/img_01824.jpg,close the cabinet,CLOSE,4
data/raw/images/img_01825.jpg,pick up the red block,PICK,0
data/raw/images/img_01826.jpg,put the object down carefully,PLACE,1
data/raw/images/img_01827.jpg,move the cube away,PUSH,2
data/raw/images/img_01828.jpg,unlock and open the box,OPEN,3
data/raw/images/img_01829.jpg,close the cabinet,CLOSE,4
data/raw/images/img_01830.jpg,pick up the red block,PICK,0
data/raw/images/img_01831.jpg,put the object down carefully,PLACE,1
data/raw/images/img_01832.jpg,move the cube away,PUSH,2
data/raw/images/img_01833.jpg,unlock and open the box,OPEN,3
data/raw/images/img_01834.jpg,close the cabinet,CLOSE,4
data/raw/images/img_01835.jpg,pick up the red block,PICK,0
data/raw/images/img_01836.jpg,put the object down carefully,PLACE,1
data/raw/images/img_01837.jpg,move the cube away,PUSH,2
data/raw/images/img_01838.jpg,unlock and open the box,OPEN,3
data/raw/images/img_01839.jpg,close the cabinet,CLOSE,4
data/raw/images/img_01840.jpg,pick up the red block,PICK,0
data/raw/images/img_01841.jpg,put the object down carefully,PLACE,1
data/raw/images/img_01842.jpg,move the cube away,PUSH,2
data/raw/images/img_01843.jpg,unlock and open the box,OPEN,3
data/raw/images/img_01844.jpg,close the cabinet,CLOSE,4
data/raw/images/img_01845.jpg,pick up the red block,PICK,0
data/raw/images/img_01846.jpg,put the object down carefully,PLACE,1
data/raw/images/img_01847.jpg,move the cube away,PUSH,2
data/raw/images/img_01848.jpg,unlock and open the box,OPEN,3
data/raw/images/img_01849.jpg,close the cabinet,CLOSE,4
data/raw/images/img_01850.jpg,pick up the red block,PICK,0
data/raw/images/img_01851.jpg,put the object down carefully,PLACE,1
data/raw/images/img_01852.jpg,move the cube away,PUSH,2
data/raw/images/img_01853.jpg,unlock and open the box,OPEN,3
data/raw/images/img_01854.jpg,close the cabinet,CLOSE,4
data/raw/images/img_01855.jpg,pick up the red block,PICK,0
data/raw/images/img_01856.jpg,put the object down carefully,PLACE,1
data/raw/images/img_01857.jpg,move the cube away,PUSH,2
data/raw/images/img_01858.jpg,unlock and open the box,OPEN,3
data/raw/images/img_01859.jpg,close the cabinet,CLOSE,4
data/raw/images/img_01860.jpg,pick up the red block,PICK,0
data/raw/images/img_01861.jpg,put the object down carefully,PLACE,1
data/raw/images/img_01862.jpg,move the cube away,PUSH,2
data/raw/images/img_01863.jpg,unlock and open the box,OPEN,3
data/raw/images/img_01864.jpg,close the cabinet,CLOSE,4
data/raw/images/img_01865.jpg,pick up the red block,PICK,0
data/raw/images/img_01866.jpg,put the object down carefully,PLACE,1
data/raw/images/img_01867.jpg,move the cube away,PUSH,2
data/raw/images/img_01868.jpg,unlock and open the box,OPEN,3
data/raw/images/img_01869.jpg,close the cabinet,CLOSE,4
data/raw/images/img_01870.jpg,pick up the red block,PICK,0
data/raw/images/img_01871.jpg,put the object down carefully,PLACE,1
data/raw/images/img_01872.jpg,move the cube away,PUSH,2
data/raw/images/img_01873.jpg,unlock and open the box,OPEN,3
data/raw/images/img_01874.jpg,close the cabinet,CLOSE,4
data/raw/images/img_01875.jpg,pick up the red block,PICK,0
data/raw/images/img_01876.jpg,put the object down carefully,PLACE,1
data/raw/images/img_01877.jpg,move the cube away,PUSH,2
data/raw/images/img_01878.jpg,unlock and open the box,OPEN,3
data/raw/images/img_01879.jpg,close the cabinet,CLOSE,4
data/raw/images/img_01880.jpg,pick up the red block,PICK,0
data/raw/images/img_01881.jpg,put the object down carefully,PLACE,1
data/raw/images/img_01882.jpg,move the cube away,PUSH,2
data/raw/images/img_01883.jpg,unlock and open the box,OPEN,3
data/raw/images/img_01884.jpg,close the cabinet,CLOSE,4
data/raw/images/img_01885.jpg,pick up the red block,PICK,0
data/raw/images/img_01886.jpg,put the object down carefully,PLACE,1
data/raw/images/img_01887.jpg,move the cube away,PUSH,2
data/raw/images/img_01888.jpg,unlock and open the box,OPEN,3
data/raw/images/img_01889.jpg,close the cabinet,CLOSE,4
data/raw/images/img_01890.jpg,pick up the red block,PICK,0
data/raw/images/img_01891.jpg,put the object down carefully,PLACE,1
data/raw/images/img_01892.jpg,move the cube away,PUSH,2
data/raw/images/img_01893.jpg,unlock and open the box,OPEN,3
data/raw/images/img_01894.jpg,close the cabinet,CLOSE,4
data/raw/images/img_01895.jpg,pick up the red block,PICK,0
data/raw/images/img_01896.jpg,put the object down carefully,PLACE,1
data/raw/images/img_01897.jpg,move the cube away,PUSH,2
data/raw/images/img_01898.jpg,unlock and open the box,OPEN,3
data/raw/images/img_01899.jpg,close the cabinet,CLOSE,4
data/raw/images/img_01900.jpg,pick up the red block,PICK,0
data/raw/images/img_01901.jpg,put the object down carefully,PLACE,1
data/raw/images/img_01902.jpg,move the cube away,PUSH,2
data/raw/images/img_01903.jpg,unlock and open the box,OPEN,3
data/raw/images/img_01904.jpg,close the cabinet,CLOSE,4
data/raw/images/img_01905.jpg,pick up the red block,PICK,0
data/raw/images/img_01906.jpg,put the object down carefully,PLACE,1
data/raw/images/img_01907.jpg,move the cube away,PUSH,2
data/raw/images/img_01908.jpg,unlock and open the box,OPEN,3
data/raw/images/img_01909.jpg,close the cabinet,CLOSE,4
data/raw/images/img_01910.jpg,pick up the red block,PICK,0
data/raw/images/img_01911.jpg,put the object down carefully,PLACE,1
data/raw/images/img_01912.jpg,move the cube away,PUSH,2
data/raw/images/img_01913.jpg,unlock and open the box,OPEN,3
data/raw/images/img_01914.jpg,close the cabinet,CLOSE,4
data/raw/images/img_01915.jpg,pick up the red block,PICK,0
data/raw/images/img_01916.jpg,put the object down carefully,PLACE,1
data/raw/images/img_01917.jpg,move the cube away,PUSH,2
data/raw/images/img_01918.jpg,unlock and open the box,OPEN,3
data/raw/images/img_01919.jpg,close the cabinet,CLOSE,4
data/raw/images/img_01920.jpg,pick up the red block,PICK,0
data/raw/images/img_01921.jpg,put the object down carefully,PLACE,1
data/raw/images/img_01922.jpg,move the cube away,PUSH,2
data/raw/images/img_01923.jpg,unlock and open the box,OPEN,3
data/raw/images/img_01924.jpg,close the cabinet,CLOSE,4
data/raw/images/img_01925.jpg,pick up the red block,PICK,0
data/raw/images/img_01926.jpg,put the object down carefully,PLACE,1
data/raw/images/img_01927.jpg,move the cube away,PUSH,2
data/raw/images/img_01928.jpg,unlock and open the box,OPEN,3
data/raw/images/img_01929.jpg,close the cabinet,CLOSE,4
data/raw/images/img_01930.jpg,pick up the red block,PICK,0
data/raw/images/img_01931.jpg,put the object down carefully,PLACE,1
data/raw/images/img_01932.jpg,move the cube away,PUSH,2
data/raw/images/img_01933.jpg,unlock and open the box,OPEN,3
data/raw/images/img_01934.jpg,close the cabinet,CLOSE,4
data/raw/images/img_01935.jpg,pick up the red block,PICK,0
data/raw/images/img_01936.jpg,put the object down carefully,PLACE,1
data/raw/images/img_01937.jpg,move the cube away,PUSH,2
data/raw/images/img_01938.jpg,unlock and open the box,OPEN,3
data/raw/images/img_01939.jpg,close the cabinet,CLOSE,4
data/raw/images/img_01940.jpg,pick up the red block,PICK,0
data/raw/images/img_01941.jpg,put the object down carefully,PLACE,1
data/raw/images/img_01942.jpg,move the cube away,PUSH,2
data/raw/images/img_01943.jpg,unlock and open the box,OPEN,3
data/raw/images/img_01944.jpg,close the cabinet,CLOSE,4
data/raw/images/img_01945.jpg,pick up the red block,PICK,0
data/raw/images/img_01946.jpg,put the object down carefully,PLACE,1
data/raw/images/img_01947.jpg,move the cube away,PUSH,2
data/raw/images/img_01948.jpg,unlock and open the box,OPEN,3
data/raw/images/img_01949.jpg,close the cabinet,CLOSE,4
data/raw/images/img_01950.jpg,pick up the red block,PICK,0
data/raw/images/img_01951.jpg,put the object down carefully,PLACE,1
data/raw/images/img_01952.jpg,move the cube away,PUSH,2
data/raw/images/img_01953.jpg,unlock and open the box,OPEN,3
data/raw/images/img_01954.jpg,close the cabinet,CLOSE,4
data/raw/images/img_01955.jpg,pick up the red block,PICK,0
data/raw/images/img_01956.jpg,put the object down carefully,PLACE,1
data/raw/images/img_01957.jpg,move the cube away,PUSH,2
data/raw/images/img_01958.jpg,unlock and open the box,OPEN,3
data/raw/images/img_01959.jpg,close the cabinet,CLOSE,4
data/raw/images/img_01960.jpg,pick up the red block,PICK,0
data/raw/images/img_01961.jpg,put the object down carefully,PLACE,1
data/raw/images/img_01962.jpg,move the cube away,PUSH,2
data/raw/images/img_01963.jpg,unlock and open the box,OPEN,3
data/raw/images/img_01964.jpg,close the cabinet,CLOSE,4
data/raw/images/img_01965.jpg,pick up the red block,PICK,0
data/raw/images/img_01966.jpg,put the object down carefully,PLACE,1
data/raw/images/img_01967.jpg,move the cube away,PUSH,2
data/raw/images/img_01968.jpg,unlock and open the box,OPEN,3
data/raw/images/img_01969.jpg,close the cabinet,CLOSE,4
data/raw/images/img_01970.jpg,pick up the red block,PICK,0
data/raw/images/img_01971.jpg,put the object down carefully,PLACE,1
data/raw/images/img_01972.jpg,move the cube away,PUSH,2
data/raw/images/img_01973.jpg,unlock and open the box,OPEN,3
data/raw/images/img_01974.jpg,close the cabinet,CLOSE,4
data/raw/images/img_01975.jpg,pick up the red block,PICK,0
data/raw/images/img_01976.jpg,put the object down carefully,PLACE,1
data/raw/images/img_01977.jpg,move the cube away,PUSH,2
data/raw/images/img_01978.jpg,unlock and open the box,OPEN,3
data/raw/images/img_01979.jpg,close the cabinet,CLOSE,4
data/raw/images/img_01980.jpg,pick up the red block,PICK,0
data/raw/images/img_01981.jpg,put the object down carefully,PLACE,1
data/raw/images/img_01982.jpg,move the cube away,PUSH,2
data/raw/images/img_01983.jpg,unlock and open the box,OPEN,3
data/raw/images/img_01984.jpg,close the cabinet,CLOSE,4
data/raw/images/img_01985.jpg,pick up the red block,PICK,0
data/raw/images/img_01986.jpg,put the object down carefully,PLACE,1
data/raw/images/img_01987.jpg,move the cube away,PUSH,2
data/raw/images/img_01988.jpg,unlock and open the box,OPEN,3
data/raw/images/img_01989.jpg,close the cabinet,CLOSE,4
data/raw/images/img_01990.jpg,pick up the red block,PICK,0
data/raw/images/img_01991.jpg,put the object down carefully,PLACE,1
data/raw/images/img_01992.jpg,move the cube away,PUSH,2
data/raw/images/img_01993.jpg,unlock and open the box,OPEN,3
data/raw/images/img_01994.jpg,close the cabinet,CLOSE,4
data/raw/images/img_01995.jpg,pick up the red block,PICK,0
data/raw/images/img_01996.jpg,put the object down carefully,PLACE,1
data/raw/images/img_01997.jpg,move the cube away,PUSH,2
data/raw/images/img_01998.jpg,unlock and open the box,OPEN,3
data/raw/images/img_01999.jpg,close the cabinet,CLOSE,4
data/raw/images/img_02000.jpg,pick up the red block,PICK,0
data/raw/images/img_02001.jpg,put the object down carefully,PLACE,1
data/raw/images/img_02002.jpg,move the cube away,PUSH,2
data/raw/images/img_02003.jpg,unlock and open the box,OPEN,3
data/raw/images/img_02004.jpg,close the cabinet,CLOSE,4
data/raw/images/img_02005.jpg,pick up the red block,PICK,0
data/raw/images/img_02006.jpg,put the object down carefully,PLACE,1
data/raw/images/img_02007.jpg,move the cube away,PUSH,2
data/raw/images/img_02008.jpg,unlock and open the box,OPEN,3
data/raw/images/img_02009.jpg,close the cabinet,CLOSE,4
data/raw/images/img_02010.jpg,pick up the red block,PICK,0
data/raw/images/img_02011.jpg,put the object down carefully,PLACE,1
data/raw/images/img_02012.jpg,move the cube away,PUSH,2
data/raw/images/img_02013.jpg,unlock and open the box,OPEN,3
data/raw/images/img_02014.jpg,close the cabinet,CLOSE,4
data/raw/images/img_02015.jpg,pick up the red block,PICK,0
data/raw/images/img_02016.jpg,put the object down carefully,PLACE,1
data/raw/images/img_02017.jpg,move the cube away,PUSH,2
data/raw/images/img_02018.jpg,unlock and open the box,OPEN,3
data/raw/images/img_02019.jpg,close the cabinet,CLOSE,4
data/raw/images/img_02020.jpg,pick up the red block,PICK,0
data/raw/images/img_02021.jpg,put the object down carefully,PLACE,1
data/raw/images/img_02022.jpg,move the cube away,PUSH,2
data/raw/images/img_02023.jpg,unlock and open the box,OPEN,3
data/raw/images/img_02024.jpg,close the cabinet,CLOSE,4
data/raw/images/img_02025.jpg,pick up the red block,PICK,0
data/raw/images/img_02026.jpg,put the object down carefully,PLACE,1
data/raw/images/img_02027.jpg,move the cube away,PUSH,2
data/raw/images/img_02028.jpg,unlock and open the box,OPEN,3
data/raw/images/img_02029.jpg,close the cabinet,CLOSE,4
data/raw/images/img_02030.jpg,pick up the red block,PICK,0
data/raw/images/img_02031.jpg,put the object down carefully,PLACE,1
data/raw/images/img_02032.jpg,move the cube away,PUSH,2
data/raw/images/img_02033.jpg,unlock and open the box,OPEN,3
data/raw/images/img_02034.jpg,close the cabinet,CLOSE,4
data/raw/images/img_02035.jpg,pick up the red block,PICK,0
data/raw/images/img_02036.jpg,put the object down carefully,PLACE,1
data/raw/images/img_02037.jpg,move the cube away,PUSH,2
data/raw/images/img_02038.jpg,unlock and open the box,OPEN,3
data/raw/images/img_02039.jpg,close the cabinet,CLOSE,4
data/raw/images/img_02040.jpg,pick up the red block,PICK,0
data/raw/images/img_02041.jpg,put the object down carefully,PLACE,1
data/raw/images/img_02042.jpg,move the cube away,PUSH,2
data/raw/images/img_02043.jpg,unlock and open the box,OPEN,3
data/raw/images/img_02044.jpg,close the cabinet,CLOSE,4
data/raw/images/img_02045.jpg,pick up the red block,PICK,0
data/raw/images/img_02046.jpg,put the object down carefully,PLACE,1
data/raw/images/img_02047.jpg,move the cube away,PUSH,2
data/raw/images/img_02048.jpg,unlock and open the box,OPEN,3
data/raw/images/img_02049.jpg,close the cabinet,CLOSE,4
data/raw/images/img_02050.jpg,pick up the red block,PICK,0
data/raw/images/img_02051.jpg,put the object down carefully,PLACE,1
data/raw/images/img_02052.jpg,move the cube away,PUSH,2
data/raw/images/img_02053.jpg,unlock and open the box,OPEN,3
data/raw/images/img_02054.jpg,close the cabinet,CLOSE,4
data/raw/images/img_02055.jpg,pick up the red block,PICK,0
data/raw/images/img_02056.jpg,put the object down carefully,PLACE,1
data/raw/images/img_02057.jpg,move the cube away,PUSH,2
data/raw/images/img_02058.jpg,unlock and open the box,OPEN,3
data/raw/images/img_02059.jpg,close the cabinet,CLOSE,4
data/raw/images/img_02060.jpg,pick up the red block,PICK,0
data/raw/images/img_02061.jpg,put the object down carefully,PLACE,1
data/raw/images/img_02062.jpg,move the cube away,PUSH,2
data/raw/images/img_02063.jpg,unlock and open the box,OPEN,3
data/raw/images/img_02064.jpg,close the cabinet,CLOSE,4
data/raw/images/img_02065.jpg,pick up the red block,PICK,0
data/raw/images/img_02066.jpg,put the object down carefully,PLACE,1
data/raw/images/img_02067.jpg,move the cube away,PUSH,2
data/raw/images/img_02068.jpg,unlock and open the box,OPEN,3
data/raw/images/img_02069.jpg,close the cabinet,CLOSE,4
data/raw/images/img_02070.jpg,pick up the red block,PICK,0
data/raw/images/img_02071.jpg,put the object down carefully,PLACE,1
data/raw/images/img_02072.jpg,move the cube away,PUSH,2
data/raw/images/img_02073.jpg,unlock and open the box,OPEN,3
data/raw/images/img_02074.jpg,close the cabinet,CLOSE,4
data/raw/images/img_02075.jpg,pick up the red block,PICK,0
data/raw/images/img_02076.jpg,put the object down carefully,PLACE,1
data/raw/images/img_02077.jpg,move the cube away,PUSH,2
data/raw/images/img_02078.jpg,unlock and open the box,OPEN,3
data/raw/images/img_02079.jpg,close the cabinet,CLOSE,4
data/raw/images/img_02080.jpg,pick up the red block,PICK,0
data/raw/images/img_02081.jpg,put the object down carefully,PLACE,1
data/raw/images/img_02082.jpg,move the cube away,PUSH,2
data/raw/images/img_02083.jpg,unlock and open the box,OPEN,3
data/raw/images/img_02084.jpg,close the cabinet,CLOSE,4
data/raw/images/img_02085.jpg,pick up the red block,PICK,0
data/raw/images/img_02086.jpg,put the object down carefully,PLACE,1
data/raw/images/img_02087.jpg,move the cube away,PUSH,2
data/raw/images/img_02088.jpg,unlock and open the box,OPEN,3
data/raw/images/img_02089.jpg,close the cabinet,CLOSE,4
data/raw/images/img_02090.jpg,pick up the red block,PICK,0
data/raw/images/img_02091.jpg,put the object down carefully,PLACE,1
data/raw/images/img_02092.jpg,move the cube away,PUSH,2
data/raw/images/img_02093.jpg,unlock and open the box,OPEN,3
data/raw/images/img_02094.jpg,close the cabinet,CLOSE,4
data/raw/images/img_02095.jpg,pick up the red block,PICK,0
data/raw/images/img_02096.jpg,put the object down carefully,PLACE,1
data/raw/images/img_02097.jpg,move the cube away,PUSH,2
data/raw/images/img_02098.jpg,unlock and open the box,OPEN,3
data/raw/images/img_02099.jpg,close the cabinet,CLOSE,4
data/raw/images/img_02100.jpg,pick up the red block,PICK,0
data/raw/images/img_02101.jpg,put the object down carefully,PLACE,1
data/raw/images/img_02102.jpg,move the cube away,PUSH,2
data/raw/images/img_02103.jpg,unlock and open the box,OPEN,3
data/raw/images/img_02104.jpg,close the cabinet,CLOSE,4
data/raw/images/img_02105.jpg,pick up the red block,PICK,0
data/raw/images/img_02106.jpg,put the object down carefully,PLACE,1
data/raw/images/img_02107.jpg,move the cube away,PUSH,2
data/raw/images/img_02108.jpg,unlock and open the box,OPEN,3
data/raw/images/img_02109.jpg,close the cabinet,CLOSE,4
data/raw/images/img_02110.jpg,pick up the red block,PICK,0
data/raw/images/img_02111.jpg,put the object down carefully,PLACE,1
data/raw/images/img_02112.jpg,move the cube away,PUSH,2
data/raw/images/img_02113.jpg,unlock and open the box,OPEN,3
data/raw/images/img_02114.jpg,close the cabinet,CLOSE,4
data/raw/images/img_02115.jpg,pick up the red block,PICK,0
data/raw/images/img_02116.jpg,put the object down carefully,PLACE,1
data/raw/images/img_02117.jpg,move the cube away,PUSH,2
data/raw/images/img_02118.jpg,unlock and open the box,OPEN,3
data/raw/images/img_02119.jpg,close the cabinet,CLOSE,4
data/raw/images/img_02120.jpg,pick up the red block,PICK,0
data/raw/images/img_02121.jpg,put the object down carefully,PLACE,1
data/raw/images/img_02122.jpg,move the cube away,PUSH,2
data/raw/images/img_02123.jpg,unlock and open the box,OPEN,3
data/raw/images/img_02124.jpg,close the cabinet,CLOSE,4
data/raw/images/img_02125.jpg,pick up the red block,PICK,0
data/raw/images/img_02126.jpg,put the object down carefully,PLACE,1
data/raw/images/img_02127.jpg,move the cube away,PUSH,2
data/raw/images/img_02128.jpg,unlock and open the box,OPEN,3
data/raw/images/img_02129.jpg,close the cabinet,CLOSE,4
data/raw/images/img_02130.jpg,pick up the red block,PICK,0
data/raw/images/img_02131.jpg,put the object down carefully,PLACE,1
data/raw/images/img_02132.jpg,move the cube away,PUSH,2
data/raw/images/img_02133.jpg,unlock and open the box,OPEN,3
data/raw/images/img_02134.jpg,close the cabinet,CLOSE,4
data/raw/images/img_02135.jpg,pick up the red block,PICK,0
data/raw/images/img_02136.jpg,put the object down carefully,PLACE,1
data/raw/images/img_02137.jpg,move the cube away,PUSH,2
data/raw/images/img_02138.jpg,unlock and open the box,OPEN,3
data/raw/images/img_02139.jpg,close the cabinet,CLOSE,4
data/raw/images/img_02140.jpg,pick up the red block,PICK,0
data/raw/images/img_02141.jpg,put the object down carefully,PLACE,1
data/raw/images/img_02142.jpg,move the cube away,PUSH,2
data/raw/images/img_02143.jpg,unlock and open the box,OPEN,3
data/raw/images/img_02144.jpg,close the cabinet,CLOSE,4
data/raw/images/img_02145.jpg,pick up the red block,PICK,0
data/raw/images/img_02146.jpg,put the object down carefully,PLACE,1
data/raw/images/img_02147.jpg,move the cube away,PUSH,2
data/raw/images/img_02148.jpg,unlock and open the box,OPEN,3
data/raw/images/img_02149.jpg,close the cabinet,CLOSE,4
data/raw/images/img_02150.jpg,pick up the red block,PICK,0
data/raw/images/img_02151.jpg,put the object down carefully,PLACE,1
data/raw/images/img_02152.jpg,move the cube away,PUSH,2
data/raw/images/img_02153.jpg,unlock and open the box,OPEN,3
data/raw/images/img_02154.jpg,close the cabinet,CLOSE,4
data/raw/images/img_02155.jpg,pick up the red block,PICK,0
data/raw/images/img_02156.jpg,put the object down carefully,PLACE,1
data/raw/images/img_02157.jpg,move the cube away,PUSH,2
data/raw/images/img_02158.jpg,unlock and open the box,OPEN,3
data/raw/images/img_02159.jpg,close the cabinet,CLOSE,4
data/raw/images/img_02160.jpg,pick up the red block,PICK,0
data/raw/images/img_02161.jpg,put the object down carefully,PLACE,1
data/raw/images/img_02162.jpg,move the cube away,PUSH,2
data/raw/images/img_02163.jpg,unlock and open the box,OPEN,3
data/raw/images/img_02164.jpg,close the cabinet,CLOSE,4
data/raw/images/img_02165.jpg,pick up the red block,PICK,0
data/raw/images/img_02166.jpg,put the object down carefully,PLACE,1
data/raw/images/img_02167.jpg,move the cube away,PUSH,2
data/raw/images/img_02168.jpg,unlock and open the box,OPEN,3
data/raw/images/img_02169.jpg,close the cabinet,CLOSE,4
data/raw/images/img_02170.jpg,pick up the red block,PICK,0
data/raw/images/img_02171.jpg,put the object down carefully,PLACE,1
data/raw/images/img_02172.jpg,move the cube away,PUSH,2
data/raw/images/img_02173.jpg,unlock and open the box,OPEN,3
data/raw/images/img_02174.jpg,close the cabinet,CLOSE,4
data/raw/images/img_02175.jpg,pick up the red block,PICK,0
data/raw/images/img_02176.jpg,put the object down carefully,PLACE,1
data/raw/images/img_02177.jpg,move the cube away,PUSH,2
data/raw/images/img_02178.jpg,unlock and open the box,OPEN,3
data/raw/images/img_02179.jpg,close the cabinet,CLOSE,4
data/raw/images/img_02180.jpg,pick up the red block,PICK,0
data/raw/images/img_02181.jpg,put the object down carefully,PLACE,1
data/raw/images/img_02182.jpg,move the cube away,PUSH,2
data/raw/images/img_02183.jpg,unlock and open the box,OPEN,3
data/raw/images/img_02184.jpg,close the cabinet,CLOSE,4
data/raw/images/img_02185.jpg,pick up the red block,PICK,0
data/raw/images/img_02186.jpg,put the object down carefully,PLACE,1
data/raw/images/img_02187.jpg,move the cube away,PUSH,2
data/raw/images/img_02188.jpg,unlock and open the box,OPEN,3
data/raw/images/img_02189.jpg,close the cabinet,CLOSE,4
data/raw/images/img_02190.jpg,pick up the red block,PICK,0
data/raw/images/img_02191.jpg,put the object down carefully,PLACE,1
data/raw/images/img_02192.jpg,move the cube away,PUSH,2
data/raw/images/img_02193.jpg,unlock and open the box,OPEN,3
data/raw/images/img_02194.jpg,close the cabinet,CLOSE,4
data/raw/images/img_02195.jpg,pick up the red block,PICK,0
data/raw/images/img_02196.jpg,put the object down carefully,PLACE,1
data/raw/images/img_02197.jpg,move the cube away,PUSH,2
data/raw/images/img_02198.jpg,unlock and open the box,OPEN,3
data/raw/images/img_02199.jpg,close the cabinet,CLOSE,4
data/raw/images/img_02200.jpg,pick up the red block,PICK,0
data/raw/images/img_02201.jpg,put the object down carefully,PLACE,1
data/raw/images/img_02202.jpg,move the cube away,PUSH,2
data/raw/images/img_02203.jpg,unlock and open the box,OPEN,3
data/raw/images/img_02204.jpg,close the cabinet,CLOSE,4
data/raw/images/img_02205.jpg,pick up the red block,PICK,0
data/raw/images/img_02206.jpg,put the object down carefully,PLACE,1
data/raw/images/img_02207.jpg,move the cube away,PUSH,2
data/raw/images/img_02208.jpg,unlock and open the box,OPEN,3
data/raw/images/img_02209.jpg,close the cabinet,CLOSE,4
data/raw/images/img_02210.jpg,pick up the red block,PICK,0
data/raw/images/img_02211.jpg,put the object down carefully,PLACE,1
data/raw/images/img_02212.jpg,move the cube away,PUSH,2
data/raw/images/img_02213.jpg,unlock and open the box,OPEN,3
data/raw/images/img_02214.jpg,close the cabinet,CLOSE,4
data/raw/images/img_02215.jpg,pick up the red block,PICK,0
data/raw/images/img_02216.jpg,put the object down carefully,PLACE,1
data/raw/images/img_02217.jpg,move the cube away,PUSH,2
data/raw/images/img_02218.jpg,unlock and open the box,OPEN,3
data/raw/images/img_02219.jpg,close the cabinet,CLOSE,4
data/raw/images/img_02220.jpg,pick up the red block,PICK,0
data/raw/images/img_02221.jpg,put the object down carefully,PLACE,1
data/raw/images/img_02222.jpg,move the cube away,PUSH,2
data/raw/images/img_02223.jpg,unlock and open the box,OPEN,3
data/raw/images/img_02224.jpg,close the cabinet,CLOSE,4
data/raw/images/img_02225.jpg,pick up the red block,PICK,0
data/raw/images/img_02226.jpg,put the object down carefully,PLACE,1
data/raw/images/img_02227.jpg,move the cube away,PUSH,2
data/raw/images/img_02228.jpg,unlock and open the box,OPEN,3
data/raw/images/img_02229.jpg,close the cabinet,CLOSE,4
data/raw/images/img_02230.jpg,pick up the red block,PICK,0
data/raw/images/img_02231.jpg,put the object down carefully,PLACE,1
data/raw/images/img_02232.jpg,move the cube away,PUSH,2
data/raw/images/img_02233.jpg,unlock and open the box,OPEN,3
data/raw/images/img_02234.jpg,close the cabinet,CLOSE,4
data/raw/images/img_02235.jpg,pick up the red block,PICK,0
data/raw/images/img_02236.jpg,put the object down carefully,PLACE,1
data/raw/images/img_02237.jpg,move the cube away,PUSH,2
data/raw/images/img_02238.jpg,unlock and open the box,OPEN,3
data/raw/images/img_02239.jpg,close the cabinet,CLOSE,4
data/raw/images/img_02240.jpg,pick up the red block,PICK,0
data/raw/images/img_02241.jpg,put the object down carefully,PLACE,1
data/raw/images/img_02242.jpg,move the cube away,PUSH,2
data/raw/images/img_02243.jpg,unlock and open the box,OPEN,3
data/raw/images/img_02244.jpg,close the cabinet,CLOSE,4
data/raw/images/img_02245.jpg,pick up the red block,PICK,0
data/raw/images/img_02246.jpg,put the object down carefully,PLACE,1
data/raw/images/img_02247.jpg,move the cube away,PUSH,2
data/raw/images/img_02248.jpg,unlock and open the box,OPEN,3
data/raw/images/img_02249.jpg,close the cabinet,CLOSE,4
data/raw/images/img_02250.jpg,pick up the red block,PICK,0
data/raw/images/img_02251.jpg,put the object down carefully,PLACE,1
data/raw/images/img_02252.jpg,move the cube away,PUSH,2
data/raw/images/img_02253.jpg,unlock and open the box,OPEN,3
data/raw/images/img_02254.jpg,close the cabinet,CLOSE,4
data/raw/images/img_02255.jpg,pick up the red block,PICK,0
data/raw/images/img_02256.jpg,put the object down carefully,PLACE,1
data/raw/images/img_02257.jpg,move the cube away,PUSH,2
data/raw/images/img_02258.jpg,unlock and open the box,OPEN,3
data/raw/images/img_02259.jpg,close the cabinet,CLOSE,4
data/raw/images/img_02260.jpg,pick up the red block,PICK,0
data/raw/images/img_02261.jpg,put the object down carefully,PLACE,1
data/raw/images/img_02262.jpg,move the cube away,PUSH,2
data/raw/images/img_02263.jpg,unlock and open the box,OPEN,3
data/raw/images/img_02264.jpg,close the cabinet,CLOSE,4
data/raw/images/img_02265.jpg,pick up the red block,PICK,0
data/raw/images/img_02266.jpg,put the object down carefully,PLACE,1
data/raw/images/img_02267.jpg,move the cube away,PUSH,2
data/raw/images/img_02268.jpg,unlock and open the box,OPEN,3
data/raw/images/img_02269.jpg,close the cabinet,CLOSE,4
data/raw/images/img_02270.jpg,pick up the red block,PICK,0
data/raw/images/img_02271.jpg,put the object down carefully,PLACE,1
data/raw/images/img_02272.jpg,move the cube away,PUSH,2
data/raw/images/img_02273.jpg,unlock and open the box,OPEN,3
data/raw/images/img_02274.jpg,close the cabinet,CLOSE,4
data/raw/images/img_02275.jpg,pick up the red block,PICK,0
data/raw/images/img_02276.jpg,put the object down carefully,PLACE,1
data/raw/images/img_02277.jpg,move the cube away,PUSH,2
data/raw/images/img_02278.jpg,unlock and open the box,OPEN,3
data/raw/images/img_02279.jpg,close the cabinet,CLOSE,4
data/raw/images/img_02280.jpg,pick up the red block,PICK,0
data/raw/images/img_02281.jpg,put the object down carefully,PLACE,1
data/raw/images/img_02282.jpg,move the cube away,PUSH,2
data/raw/images/img_02283.jpg,unlock and open the box,OPEN,3
data/raw/images/img_02284.jpg,close the cabinet,CLOSE,4
data/raw/images/img_02285.jpg,pick up the red block,PICK,0
data/raw/images/img_02286.jpg,put the object down carefully,PLACE,1
data/raw/images/img_02287.jpg,move the cube away,PUSH,2
data/raw/images/img_02288.jpg,unlock and open the box,OPEN,3
data/raw/images/img_02289.jpg,close the cabinet,CLOSE,4
data/raw/images/img_02290.jpg,pick up the red block,PICK,0
data/raw/images/img_02291.jpg,put the object down carefully,PLACE,1
data/raw/images/img_02292.jpg,move the cube away,PUSH,2
data/raw/images/img_02293.jpg,unlock and open the box,OPEN,3
data/raw/images/img_02294.jpg,close the cabinet,CLOSE,4
data/raw/images/img_02295.jpg,pick up the red block,PICK,0
data/raw/images/img_02296.jpg,put the object down carefully,PLACE,1
data/raw/images/img_02297.jpg,move the cube away,PUSH,2
data/raw/images/img_02298.jpg,unlock and open the box,OPEN,3
data/raw/images/img_02299.jpg,close the cabinet,CLOSE,4
data/raw/images/img_02300.jpg,pick up the red block,PICK,0
data/raw/images/img_02301.jpg,put the object down carefully,PLACE,1
data/raw/images/img_02302.jpg,move the cube away,PUSH,2
data/raw/images/img_02303.jpg,unlock and open the box,OPEN,3
data/raw/images/img_02304.jpg,close the cabinet,CLOSE,4
data/raw/images/img_02305.jpg,pick up the red block,PICK,0
data/raw/images/img_02306.jpg,put the object down carefully,PLACE,1
data/raw/images/img_02307.jpg,move the cube away,PUSH,2
data/raw/images/img_02308.jpg,unlock and open the box,OPEN,3
data/raw/images/img_02309.jpg,close the cabinet,CLOSE,4
data/raw/images/img_02310.jpg,pick up the red block,PICK,0
data/raw/images/img_02311.jpg,put the object down carefully,PLACE,1
data/raw/images/img_02312.jpg,move the cube away,PUSH,2
data/raw/images/img_02313.jpg,unlock and open the box,OPEN,3
data/raw/images/img_02314.jpg,close the cabinet,CLOSE,4
data/raw/images/img_02315.jpg,pick up the red block,PICK,0
data/raw/images/img_02316.jpg,put the object down carefully,PLACE,1
data/raw/images/img_02317.jpg,move the cube away,PUSH,2
data/raw/images/img_02318.jpg,unlock and open the box,OPEN,3
data/raw/images/img_02319.jpg,close the cabinet,CLOSE,4
data/raw/images/img_02320.jpg,pick up the red block,PICK,0
data/raw/images/img_02321.jpg,put the object down carefully,PLACE,1
data/raw/images/img_02322.jpg,move the cube away,PUSH,2
data/raw/images/img_02323.jpg,unlock and open the box,OPEN,3
data/raw/images/img_02324.jpg,close the cabinet,CLOSE,4
data/raw/images/img_02325.jpg,pick up the red block,PICK,0
data/raw/images/img_02326.jpg,put the object down carefully,PLACE,1
data/raw/images/img_02327.jpg,move the cube away,PUSH,2
data/raw/images/img_02328.jpg,unlock and open the box,OPEN,3
data/raw/images/img_02329.jpg,close the cabinet,CLOSE,4
data/raw/images/img_02330.jpg,pick up the red block,PICK,0
data/raw/images/img_02331.jpg,put the object down carefully,PLACE,1
data/raw/images/img_02332.jpg,move the cube away,PUSH,2
data/raw/images/img_02333.jpg,unlock and open the box,OPEN,3
data/raw/images/img_02334.jpg,close the cabinet,CLOSE,4
data/raw/images/img_02335.jpg,pick up the red block,PICK,0
data/raw/images/img_02336.jpg,put the object down carefully,PLACE,1
data/raw/images/img_02337.jpg,move the cube away,PUSH,2
data/raw/images/img_02338.jpg,unlock and open the box,OPEN,3
data/raw/images/img_02339.jpg,close the cabinet,CLOSE,4
data/raw/images/img_02340.jpg,pick up the red block,PICK,0
data/raw/images/img_02341.jpg,put the object down carefully,PLACE,1
data/raw/images/img_02342.jpg,move the cube away,PUSH,2
data/raw/images/img_02343.jpg,unlock and open the box,OPEN,3
data/raw/images/img_02344.jpg,close the cabinet,CLOSE,4
data/raw/images/img_02345.jpg,pick up the red block,PICK,0
data/raw/images/img_02346.jpg,put the object down carefully,PLACE,1
data/raw/images/img_02347.jpg,move the cube away,PUSH,2
data/raw/images/img_02348.jpg,unlock and open the box,OPEN,3
data/raw/images/img_02349.jpg,close the cabinet,CLOSE,4
data/raw/images/img_02350.jpg,pick up the red block,PICK,0
data/raw/images/img_02351.jpg,put the object down carefully,PLACE,1
data/raw/images/img_02352.jpg,move the cube away,PUSH,2
data/raw/images/img_02353.jpg,unlock and open the box,OPEN,3
data/raw/images/img_02354.jpg,close the cabinet,CLOSE,4
data/raw/images/img_02355.jpg,pick up the red block,PICK,0
data/raw/images/img_02356.jpg,put the object down carefully,PLACE,1
data/raw/images/img_02357.jpg,move the cube away,PUSH,2
data/raw/images/img_02358.jpg,unlock and open the box,OPEN,3
data/raw/images/img_02359.jpg,close the cabinet,CLOSE,4
data/raw/images/img_02360.jpg,pick up the red block,PICK,0
data/raw/images/img_02361.jpg,put the object down carefully,PLACE,1
data/raw/images/img_02362.jpg,move the cube away,PUSH,2
data/raw/images/img_02363.jpg,unlock and open the box,OPEN,3
data/raw/images/img_02364.jpg,close the cabinet,CLOSE,4
data/raw/images/img_02365.jpg,pick up the red block,PICK,0
data/raw/images/img_02366.jpg,put the object down carefully,PLACE,1
data/raw/images/img_02367.jpg,move the cube away,PUSH,2
data/raw/images/img_02368.jpg,unlock and open the box,OPEN,3
data/raw/images/img_02369.jpg,close the cabinet,CLOSE,4
data/raw/images/img_02370.jpg,pick up the red block,PICK,0
data/raw/images/img_02371.jpg,put the object down carefully,PLACE,1
data/raw/images/img_02372.jpg,move the cube away,PUSH,2
data/raw/images/img_02373.jpg,unlock and open the box,OPEN,3
data/raw/images/img_02374.jpg,close the cabinet,CLOSE,4
data/raw/images/img_02375.jpg,pick up the red block,PICK,0
data/raw/images/img_02376.jpg,put the object down carefully,PLACE,1
data/raw/images/img_02377.jpg,move the cube away,PUSH,2
data/raw/images/img_02378.jpg,unlock and open the box,OPEN,3
data/raw/images/img_02379.jpg,close the cabinet,CLOSE,4
data/raw/images/img_02380.jpg,pick up the red block,PICK,0
data/raw/images/img_02381.jpg,put the object down carefully,PLACE,1
data/raw/images/img_02382.jpg,move the cube away,PUSH,2
data/raw/images/img_02383.jpg,unlock and open the box,OPEN,3
data/raw/images/img_02384.jpg,close the cabinet,CLOSE,4
data/raw/images/img_02385.jpg,pick up the red block,PICK,0
data/raw/images/img_02386.jpg,put the object down carefully,PLACE,1
data/raw/images/img_02387.jpg,move the cube away,PUSH,2
data/raw/images/img_02388.jpg,unlock and open the box,OPEN,3
data/raw/images/img_02389.jpg,close the cabinet,CLOSE,4
data/raw/images/img_02390.jpg,pick up the red block,PICK,0
data/raw/images/img_02391.jpg,put the object down carefully,PLACE,1
data/raw/images/img_02392.jpg,move the cube away,PUSH,2
data/raw/images/img_02393.jpg,unlock and open the box,OPEN,3
data/raw/images/img_02394.jpg,close the cabinet,CLOSE,4
data/raw/images/img_02395.jpg,pick up the red block,PICK,0
data/raw/images/img_02396.jpg,put the object down carefully,PLACE,1
data/raw/images/img_02397.jpg,move the cube away,PUSH,2
data/raw/images/img_02398.jpg,unlock and open the box,OPEN,3
data/raw/images/img_02399.jpg,close the cabinet,CLOSE,4
data/raw/images/img_02400.jpg,pick up the red block,PICK,0
data/raw/images/img_02401.jpg,put the object down carefully,PLACE,1
data/raw/images/img_02402.jpg,move the cube away,PUSH,2
data/raw/images/img_02403.jpg,unlock and open the box,OPEN,3
data/raw/images/img_02404.jpg,close the cabinet,CLOSE,4
data/raw/images/img_02405.jpg,pick up the red block,PICK,0
data/raw/images/img_02406.jpg,put the object down carefully,PLACE,1
data/raw/images/img_02407.jpg,move the cube away,PUSH,2
data/raw/images/img_02408.jpg,unlock and open the box,OPEN,3
data/raw/images/img_02409.jpg,close the cabinet,CLOSE,4
data/raw/images/img_02410.jpg,pick up the red block,PICK,0
data/raw/images/img_02411.jpg,put the object down carefully,PLACE,1
data/raw/images/img_02412.jpg,move the cube away,PUSH,2
data/raw/images/img_02413.jpg,unlock and open the box,OPEN,3
data/raw/images/img_02414.jpg,close the cabinet,CLOSE,4
data/raw/images/img_02415.jpg,pick up the red block,PICK,0
data/raw/images/img_02416.jpg,put the object down carefully,PLACE,1
data/raw/images/img_02417.jpg,move the cube away,PUSH,2
data/raw/images/img_02418.jpg,unlock and open the box,OPEN,3
data/raw/images/img_02419.jpg,close the cabinet,CLOSE,4
data/raw/images/img_02420.jpg,pick up the red block,PICK,0
data/raw/images/img_02421.jpg,put the object down carefully,PLACE,1
data/raw/images/img_02422.jpg,move the cube away,PUSH,2
data/raw/images/img_02423.jpg,unlock and open the box,OPEN,3
data/raw/images/img_02424.jpg,close the cabinet,CLOSE,4
data/raw/images/img_02425.jpg,pick up the red block,PICK,0
data/raw/images/img_02426.jpg,put the object down carefully,PLACE,1
data/raw/images/img_02427.jpg,move the cube away,PUSH,2
data/raw/images/img_02428.jpg,unlock and open the box,OPEN,3
data/raw/images/img_02429.jpg,close the cabinet,CLOSE,4
data/raw/images/img_02430.jpg,pick up the red block,PICK,0
data/raw/images/img_02431.jpg,put the object down carefully,PLACE,1
data/raw/images/img_02432.jpg,move the cube away,PUSH,2
data/raw/images/img_02433.jpg,unlock and open the box,OPEN,3
data/raw/images/img_02434.jpg,close the cabinet,CLOSE,4
data/raw/images/img_02435.jpg,pick up the red block,PICK,0
data/raw/images/img_02436.jpg,put the object down carefully,PLACE,1
data/raw/images/img_02437.jpg,move the cube away,PUSH,2
data/raw/images/img_02438.jpg,unlock and open the box,OPEN,3
data/raw/images/img_02439.jpg,close the cabinet,CLOSE,4
data/raw/images/img_02440.jpg,pick up the red block,PICK,0
data/raw/images/img_02441.jpg,put the object down carefully,PLACE,1
data/raw/images/img_02442.jpg,move the cube away,PUSH,2
data/raw/images/img_02443.jpg,unlock and open the box,OPEN,3
data/raw/images/img_02444.jpg,close the cabinet,CLOSE,4
data/raw/images/img_02445.jpg,pick up the red block,PICK,0
data/raw/images/img_02446.jpg,put the object down carefully,PLACE,1
data/raw/images/img_02447.jpg,move the cube away,PUSH,2
data/raw/images/img_02448.jpg,unlock and open the box,OPEN,3
data/raw/images/img_02449.jpg,close the cabinet,CLOSE,4
data/raw/images/img_02450.jpg,pick up the red block,PICK,0
data/raw/images/img_02451.jpg,put the object down carefully,PLACE,1
data/raw/images/img_02452.jpg,move the cube away,PUSH,2
data/raw/images/img_02453.jpg,unlock and open the box,OPEN,3
data/raw/images/img_02454.jpg,close the cabinet,CLOSE,4
data/raw/images/img_02455.jpg,pick up the red block,PICK,0
data/raw/images/img_02456.jpg,put the object down carefully,PLACE,1
data/raw/images/img_02457.jpg,move the cube away,PUSH,2
data/raw/images/img_02458.jpg,unlock and open the box,OPEN,3
data/raw/images/img_02459.jpg,close the cabinet,CLOSE,4
data/raw/images/img_02460.jpg,pick up the red block,PICK,0
data/raw/images/img_02461.jpg,put the object down carefully,PLACE,1
data/raw/images/img_02462.jpg,move the cube away,PUSH,2
data/raw/images/img_02463.jpg,unlock and open the box,OPEN,3
data/raw/images/img_02464.jpg,close the cabinet,CLOSE,4
data/raw/images/img_02465.jpg,pick up the red block,PICK,0
data/raw/images/img_02466.jpg,put the object down carefully,PLACE,1
data/raw/images/img_02467.jpg,move the cube away,PUSH,2
data/raw/images/img_02468.jpg,unlock and open the box,OPEN,3
data/raw/images/img_02469.jpg,close the cabinet,CLOSE,4
data/raw/images/img_02470.jpg,pick up the red block,PICK,0
data/raw/images/img_02471.jpg,put the object down carefully,PLACE,1
data/raw/images/img_02472.jpg,move the cube away,PUSH,2
data/raw/images/img_02473.jpg,unlock and open the box,OPEN,3
data/raw/images/img_02474.jpg,close the cabinet,CLOSE,4
data/raw/images/img_02475.jpg,pick up the red block,PICK,0
data/raw/images/img_02476.jpg,put the object down carefully,PLACE,1
data/raw/images/img_02477.jpg,move the cube away,PUSH,2
data/raw/images/img_02478.jpg,unlock and open the box,OPEN,3
data/raw/images/img_02479.jpg,close the cabinet,CLOSE,4
data/raw/images/img_02480.jpg,pick up the red block,PICK,0
data/raw/images/img_02481.jpg,put the object down carefully,PLACE,1
data/raw/images/img_02482.jpg,move the cube away,PUSH,2
data/raw/images/img_02483.jpg,unlock and open the box,OPEN,3
data/raw/images/img_02484.jpg,close the cabinet,CLOSE,4
data/raw/images/img_02485.jpg,pick up the red block,PICK,0
data/raw/images/img_02486.jpg,put the object down carefully,PLACE,1
data/raw/images/img_02487.jpg,move the cube away,PUSH,2
data/raw/images/img_02488.jpg,unlock and open the box,OPEN,3
data/raw/images/img_02489.jpg,close the cabinet,CLOSE,4
data/raw/images/img_02490.jpg,pick up the red block,PICK,0
data/raw/images/img_02491.jpg,put the object down carefully,PLACE,1
data/raw/images/img_02492.jpg,move the cube away,PUSH,2
data/raw/images/img_02493.jpg,unlock and open the box,OPEN,3
data/raw/images/img_02494.jpg,close the cabinet,CLOSE,4
data/raw/images/img_02495.jpg,pick up the red block,PICK,0
data/raw/images/img_02496.jpg,put the object down carefully,PLACE,1
data/raw/images/img_02497.jpg,move the cube away,PUSH,2
data/raw/images/img_02498.jpg,unlock and open the box,OPEN,3
data/raw/images/img_02499.jpg,close the cabinet,CLOSE,4
data/raw/images/img_02500.jpg,pick up the red block,PICK,0
data/raw/images/img_02501.jpg,put the object down carefully,PLACE,1
data/raw/images/img_02502.jpg,move the cube away,PUSH,2
data/raw/images/img_02503.jpg,unlock and open the box,OPEN,3
data/raw/images/img_02504.jpg,close the cabinet,CLOSE,4
data/raw/images/img_02505.jpg,pick up the red block,PICK,0
data/raw/images/img_02506.jpg,put the object down carefully,PLACE,1
data/raw/images/img_02507.jpg,move the cube away,PUSH,2
data/raw/images/img_02508.jpg,unlock and open the box,OPEN,3
data/raw/images/img_02509.jpg,close the cabinet,CLOSE,4
data/raw/images/img_02510.jpg,pick up the red block,PICK,0
data/raw/images/img_02511.jpg,put the object down carefully,PLACE,1
data/raw/images/img_02512.jpg,move the cube away,PUSH,2
data/raw/images/img_02513.jpg,unlock and open the box,OPEN,3
data/raw/images/img_02514.jpg,close the cabinet,CLOSE,4
data/raw/images/img_02515.jpg,pick up the red block,PICK,0
data/raw/images/img_02516.jpg,put the object down carefully,PLACE,1
data/raw/images/img_02517.jpg,move the cube away,PUSH,2
data/raw/images/img_02518.jpg,unlock and open the box,OPEN,3
data/raw/images/img_02519.jpg,close the cabinet,CLOSE,4
data/raw/images/img_02520.jpg,pick up the red block,PICK,0
data/raw/images/img_02521.jpg,put the object down carefully,PLACE,1
data/raw/images/img_02522.jpg,move the cube away,PUSH,2
data/raw/images/img_02523.jpg,unlock and open the box,OPEN,3
data/raw/images/img_02524.jpg,close the cabinet,CLOSE,4
data/raw/images/img_02525.jpg,pick up the red block,PICK,0
data/raw/images/img_02526.jpg,put the object down carefully,PLACE,1
data/raw/images/img_02527.jpg,move the cube away,PUSH,2
data/raw/images/img_02528.jpg,unlock and open the box,OPEN,3
data/raw/images/img_02529.jpg,close the cabinet,CLOSE,4
data/raw/images/img_02530.jpg,pick up the red block,PICK,0
data/raw/images/img_02531.jpg,put the object down carefully,PLACE,1
data/raw/images/img_02532.jpg,move the cube away,PUSH,2
data/raw/images/img_02533.jpg,unlock and open the box,OPEN,3
data/raw/images/img_02534.jpg,close the cabinet,CLOSE,4
data/raw/images/img_02535.jpg,pick up the red block,PICK,0
data/raw/images/img_02536.jpg,put the object down carefully,PLACE,1
data/raw/images/img_02537.jpg,move the cube away,PUSH,2
data/raw/images/img_02538.jpg,unlock and open the box,OPEN,3
data/raw/images/img_02539.jpg,close the cabinet,CLOSE,4
data/raw/images/img_02540.jpg,pick up the red block,PICK,0
data/raw/images/img_02541.jpg,put the object down carefully,PLACE,1
data/raw/images/img_02542.jpg,move the cube away,PUSH,2
data/raw/images/img_02543.jpg,unlock and open the box,OPEN,3
data/raw/images/img_02544.jpg,close the cabinet,CLOSE,4
data/raw/images/img_02545.jpg,pick up the red block,PICK,0
data/raw/images/img_02546.jpg,put the object down carefully,PLACE,1
data/raw/images/img_02547.jpg,move the cube away,PUSH,2
data/raw/images/img_02548.jpg,unlock and open the box,OPEN,3
data/raw/images/img_02549.jpg,close the cabinet,CLOSE,4
data/raw/images/img_02550.jpg,pick up the red block,PICK,0
data/raw/images/img_02551.jpg,put the object down carefully,PLACE,1
data/raw/images/img_02552.jpg,move the cube away,PUSH,2
data/raw/images/img_02553.jpg,unlock and open the box,OPEN,3
data/raw/images/img_02554.jpg,close the cabinet,CLOSE,4
data/raw/images/img_02555.jpg,pick up the red block,PICK,0
data/raw/images/img_02556.jpg,put the object down carefully,PLACE,1
data/raw/images/img_02557.jpg,move the cube away,PUSH,2
data/raw/images/img_02558.jpg,unlock and open the box,OPEN,3
data/raw/images/img_02559.jpg,close the cabinet,CLOSE,4
data/raw/images/img_02560.jpg,pick up the red block,PICK,0
data/raw/images/img_02561.jpg,put the object down carefully,PLACE,1
data/raw/images/img_02562.jpg,move the cube away,PUSH,2
data/raw/images/img_02563.jpg,unlock and open the box,OPEN,3
data/raw/images/img_02564.jpg,close the cabinet,CLOSE,4
data/raw/images/img_02565.jpg,pick up the red block,PICK,0
data/raw/images/img_02566.jpg,put the object down carefully,PLACE,1
data/raw/images/img_02567.jpg,move the cube away,PUSH,2
data/raw/images/img_02568.jpg,unlock and open the box,OPEN,3
data/raw/images/img_02569.jpg,close the cabinet,CLOSE,4
data/raw/images/img_02570.jpg,pick up the red block,PICK,0
data/raw/images/img_02571.jpg,put the object down carefully,PLACE,1
data/raw/images/img_02572.jpg,move the cube away,PUSH,2
data/raw/images/img_02573.jpg,unlock and open the box,OPEN,3
data/raw/images/img_02574.jpg,close the cabinet,CLOSE,4
data/raw/images/img_02575.jpg,pick up the red block,PICK,0
data/raw/images/img_02576.jpg,put the object down carefully,PLACE,1
data/raw/images/img_02577.jpg,move the cube away,PUSH,2
data/raw/images/img_02578.jpg,unlock and open the box,OPEN,3
data/raw/images/img_02579.jpg,close the cabinet,CLOSE,4
data/raw/images/img_02580.jpg,pick up the red block,PICK,0
data/raw/images/img_02581.jpg,put the object down carefully,PLACE,1
data/raw/images/img_02582.jpg,move the cube away,PUSH,2
data/raw/images/img_02583.jpg,unlock and open the box,OPEN,3
data/raw/images/img_02584.jpg,close the cabinet,CLOSE,4
data/raw/images/img_02585.jpg,pick up the red block,PICK,0
data/raw/images/img_02586.jpg,put the object down carefully,PLACE,1
data/raw/images/img_02587.jpg,move the cube away,PUSH,2
data/raw/images/img_02588.jpg,unlock and open the box,OPEN,3
data/raw/images/img_02589.jpg,close the cabinet,CLOSE,4
data/raw/images/img_02590.jpg,pick up the red block,PICK,0
data/raw/images/img_02591.jpg,put the object down carefully,PLACE,1
data/raw/images/img_02592.jpg,move the cube away,PUSH,2
data/raw/images/img_02593.jpg,unlock and open the box,OPEN,3
data/raw/images/img_02594.jpg,close the cabinet,CLOSE,4
data/raw/images/img_02595.jpg,pick up the red block,PICK,0
data/raw/images/img_02596.jpg,put the object down carefully,PLACE,1
data/raw/images/img_02597.jpg,move the cube away,PUSH,2
data/raw/images/img_02598.jpg,unlock and open the box,OPEN,3
data/raw/images/img_02599.jpg,close the cabinet,CLOSE,4
data/raw/images/img_02600.jpg,pick up the red block,PICK,0
data/raw/images/img_02601.jpg,put the object down carefully,PLACE,1
data/raw/images/img_02602.jpg,move the cube away,PUSH,2
data/raw/images/img_02603.jpg,unlock and open the box,OPEN,3
data/raw/images/img_02604.jpg,close the cabinet,CLOSE,4
data/raw/images/img_02605.jpg,pick up the red block,PICK,0
data/raw/images/img_02606.jpg,put the object down carefully,PLACE,1
data/raw/images/img_02607.jpg,move the cube away,PUSH,2
data/raw/images/img_02608.jpg,unlock and open the box,OPEN,3
data/raw/images/img_02609.jpg,close the cabinet,CLOSE,4
data/raw/images/img_02610.jpg,pick up the red block,PICK,0
data/raw/images/img_02611.jpg,put the object down carefully,PLACE,1
data/raw/images/img_02612.jpg,move the cube away,PUSH,2
data/raw/images/img_02613.jpg,unlock and open the box,OPEN,3
data/raw/images/img_02614.jpg,close the cabinet,CLOSE,4
data/raw/images/img_02615.jpg,pick up the red block,PICK,0
data/raw/images/img_02616.jpg,put the object down carefully,PLACE,1
data/raw/images/img_02617.jpg,move the cube away,PUSH,2
data/raw/images/img_02618.jpg,unlock and open the box,OPEN,3
data/raw/images/img_02619.jpg,close the cabinet,CLOSE,4
data/raw/images/img_02620.jpg,pick up the red block,PICK,0
data/raw/images/img_02621.jpg,put the object down carefully,PLACE,1
data/raw/images/img_02622.jpg,move the cube away,PUSH,2
data/raw/images/img_02623.jpg,unlock and open the box,OPEN,3
data/raw/images/img_02624.jpg,close the cabinet,CLOSE,4
data/raw/images/img_02625.jpg,pick up the red block,PICK,0
data/raw/images/img_02626.jpg,put the object down carefully,PLACE,1
data/raw/images/img_02627.jpg,move the cube away,PUSH,2
data/raw/images/img_02628.jpg,unlock and open the box,OPEN,3
data/raw/images/img_02629.jpg,close the cabinet,CLOSE,4
data/raw/images/img_02630.jpg,pick up the red block,PICK,0
data/raw/images/img_02631.jpg,put the object down carefully,PLACE,1
data/raw/images/img_02632.jpg,move the cube away,PUSH,2
data/raw/images/img_02633.jpg,unlock and open the box,OPEN,3
data/raw/images/img_02634.jpg,close the cabinet,CLOSE,4
data/raw/images/img_02635.jpg,pick up the red block,PICK,0
data/raw/images/img_02636.jpg,put the object down carefully,PLACE,1
data/raw/images/img_02637.jpg,move the cube away,PUSH,2
data/raw/images/img_02638.jpg,unlock and open the box,OPEN,3
data/raw/images/img_02639.jpg,close the cabinet,CLOSE,4
data/raw/images/img_02640.jpg,pick up the red block,PICK,0
data/raw/images/img_02641.jpg,put the object down carefully,PLACE,1
data/raw/images/img_02642.jpg,move the cube away,PUSH,2
data/raw/images/img_02643.jpg,unlock and open the box,OPEN,3
data/raw/images/img_02644.jpg,close the cabinet,CLOSE,4
data/raw/images/img_02645.jpg,pick up the red block,PICK,0
data/raw/images/img_02646.jpg,put the object down carefully,PLACE,1
data/raw/images/img_02647.jpg,move the cube away,PUSH,2
data/raw/images/img_02648.jpg,unlock and open the box,OPEN,3
data/raw/images/img_02649.jpg,close the cabinet,CLOSE,4
data/raw/images/img_02650.jpg,pick up the red block,PICK,0
data/raw/images/img_02651.jpg,put the object down carefully,PLACE,1
data/raw/images/img_02652.jpg,move the cube away,PUSH,2
data/raw/images/img_02653.jpg,unlock and open the box,OPEN,3
data/raw/images/img_02654.jpg,close the cabinet,CLOSE,4
data/raw/images/img_02655.jpg,pick up the red block,PICK,0
data/raw/images/img_02656.jpg,put the object down carefully,PLACE,1
data/raw/images/img_02657.jpg,move the cube away,PUSH,2
data/raw/images/img_02658.jpg,unlock and open the box,OPEN,3
data/raw/images/img_02659.jpg,close the cabinet,CLOSE,4
data/raw/images/img_02660.jpg,pick up the red block,PICK,0
data/raw/images/img_02661.jpg,put the object down carefully,PLACE,1
data/raw/images/img_02662.jpg,move the cube away,PUSH,2
data/raw/images/img_02663.jpg,unlock and open the box,OPEN,3
data/raw/images/img_02664.jpg,close the cabinet,CLOSE,4
data/raw/images/img_02665.jpg,pick up the red block,PICK,0
data/raw/images/img_02666.jpg,put the object down carefully,PLACE,1
data/raw/images/img_02667.jpg,move the cube away,PUSH,2
data/raw/images/img_02668.jpg,unlock and open the box,OPEN,3
data/raw/images/img_02669.jpg,close the cabinet,CLOSE,4
data/raw/images/img_02670.jpg,pick up the red block,PICK,0
data/raw/images/img_02671.jpg,put the object down carefully,PLACE,1
data/raw/images/img_02672.jpg,move the cube away,PUSH,2
data/raw/images/img_02673.jpg,unlock and open the box,OPEN,3
data/raw/images/img_02674.jpg,close the cabinet,CLOSE,4
data/raw/images/img_02675.jpg,pick up the red block,PICK,0
data/raw/images/img_02676.jpg,put the object down carefully,PLACE,1
data/raw/images/img_02677.jpg,move the cube away,PUSH,2
data/raw/images/img_02678.jpg,unlock and open the box,OPEN,3
data/raw/images/img_02679.jpg,close the cabinet,CLOSE,4
data/raw/images/img_02680.jpg,pick up the red block,PICK,0
data/raw/images/img_02681.jpg,put the object down carefully,PLACE,1
data/raw/images/img_02682.jpg,move the cube away,PUSH,2
data/raw/images/img_02683.jpg,unlock and open the box,OPEN,3
data/raw/images/img_02684.jpg,close the cabinet,CLOSE,4
data/raw/images/img_02685.jpg,pick up the red block,PICK,0
data/raw/images/img_02686.jpg,put the object down carefully,PLACE,1
data/raw/images/img_02687.jpg,move the cube away,PUSH,2
data/raw/images/img_02688.jpg,unlock and open the box,OPEN,3
data/raw/images/img_02689.jpg,close the cabinet,CLOSE,4
data/raw/images/img_02690.jpg,pick up the red block,PICK,0
data/raw/images/img_02691.jpg,put the object down carefully,PLACE,1
data/raw/images/img_02692.jpg,move the cube away,PUSH,2
data/raw/images/img_02693.jpg,unlock and open the box,OPEN,3
data/raw/images/img_02694.jpg,close the cabinet,CLOSE,4
data/raw/images/img_02695.jpg,pick up the red block,PICK,0
data/raw/images/img_02696.jpg,put the object down carefully,PLACE,1
data/raw/images/img_02697.jpg,move the cube away,PUSH,2
data/raw/images/img_02698.jpg,unlock and open the box,OPEN,3
data/raw/images/img_02699.jpg,close the cabinet,CLOSE,4
data/raw/images/img_02700.jpg,pick up the red block,PICK,0
data/raw/images/img_02701.jpg,put the object down carefully,PLACE,1
data/raw/images/img_02702.jpg,move the cube away,PUSH,2
data/raw/images/img_02703.jpg,unlock and open the box,OPEN,3
data/raw/images/img_02704.jpg,close the cabinet,CLOSE,4
data/raw/images/img_02705.jpg,pick up the red block,PICK,0
data/raw/images/img_02706.jpg,put the object down carefully,PLACE,1
data/raw/images/img_02707.jpg,move the cube away,PUSH,2
data/raw/images/img_02708.jpg,unlock and open the box,OPEN,3
data/raw/images/img_02709.jpg,close the cabinet,CLOSE,4
data/raw/images/img_02710.jpg,pick up the red block,PICK,0
data/raw/images/img_02711.jpg,put the object down carefully,PLACE,1
data/raw/images/img_02712.jpg,move the cube away,PUSH,2
data/raw/images/img_02713.jpg,unlock and open the box,OPEN,3
data/raw/images/img_02714.jpg,close the cabinet,CLOSE,4
data/raw/images/img_02715.jpg,pick up the red block,PICK,0
data/raw/images/img_02716.jpg,put the object down carefully,PLACE,1
data/raw/images/img_02717.jpg,move the cube away,PUSH,2
data/raw/images/img_02718.jpg,unlock and open the box,OPEN,3
data/raw/images/img_02719.jpg,close the cabinet,CLOSE,4
data/raw/images/img_02720.jpg,pick up the red block,PICK,0
data/raw/images/img_02721.jpg,put the object down carefully,PLACE,1
data/raw/images/img_02722.jpg,move the cube away,PUSH,2
data/raw/images/img_02723.jpg,unlock and open the box,OPEN,3
data/raw/images/img_02724.jpg,close the cabinet,CLOSE,4
data/raw/images/img_02725.jpg,pick up the red block,PICK,0
data/raw/images/img_02726.jpg,put the object down carefully,PLACE,1
data/raw/images/img_02727.jpg,move the cube away,PUSH,2
data/raw/images/img_02728.jpg,unlock and open the box,OPEN,3
data/raw/images/img_02729.jpg,close the cabinet,CLOSE,4
data/raw/images/img_02730.jpg,pick up the red block,PICK,0
data/raw/images/img_02731.jpg,put the object down carefully,PLACE,1
data/raw/images/img_02732.jpg,move the cube away,PUSH,2
data/raw/images/img_02733.jpg,unlock and open the box,OPEN,3
data/raw/images/img_02734.jpg,close the cabinet,CLOSE,4
data/raw/images/img_02735.jpg,pick up the red block,PICK,0
data/raw/images/img_02736.jpg,put the object down carefully,PLACE,1
data/raw/images/img_02737.jpg,move the cube away,PUSH,2
data/raw/images/img_02738.jpg,unlock and open the box,OPEN,3
data/raw/images/img_02739.jpg,close the cabinet,CLOSE,4
data/raw/images/img_02740.jpg,pick up the red block,PICK,0
data/raw/images/img_02741.jpg,put the object down carefully,PLACE,1
data/raw/images/img_02742.jpg,move the cube away,PUSH,2
data/raw/images/img_02743.jpg,unlock and open the box,OPEN,3
data/raw/images/img_02744.jpg,close the cabinet,CLOSE,4
data/raw/images/img_02745.jpg,pick up the red block,PICK,0
data/raw/images/img_02746.jpg,put the object down carefully,PLACE,1
data/raw/images/img_02747.jpg,move the cube away,PUSH,2
data/raw/images/img_02748.jpg,unlock and open the box,OPEN,3
data/raw/images/img_02749.jpg,close the cabinet,CLOSE,4
data/raw/images/img_02750.jpg,pick up the red block,PICK,0
data/raw/images/img_02751.jpg,put the object down carefully,PLACE,1
data/raw/images/img_02752.jpg,move the cube away,PUSH,2
data/raw/images/img_02753.jpg,unlock and open the box,OPEN,3
data/raw/images/img_02754.jpg,close the cabinet,CLOSE,4
data/raw/images/img_02755.jpg,pick up the red block,PICK,0
data/raw/images/img_02756.jpg,put the object down carefully,PLACE,1
data/raw/images/img_02757.jpg,move the cube away,PUSH,2
data/raw/images/img_02758.jpg,unlock and open the box,OPEN,3
data/raw/images/img_02759.jpg,close the cabinet,CLOSE,4
data/raw/images/img_02760.jpg,pick up the red block,PICK,0
data/raw/images/img_02761.jpg,put the object down carefully,PLACE,1
data/raw/images/img_02762.jpg,move the cube away,PUSH,2
data/raw/images/img_02763.jpg,unlock and open the box,OPEN,3
data/raw/images/img_02764.jpg,close the cabinet,CLOSE,4
data/raw/images/img_02765.jpg,pick up the red block,PICK,0
data/raw/images/img_02766.jpg,put the object down carefully,PLACE,1
data/raw/images/img_02767.jpg,move the cube away,PUSH,2
data/raw/images/img_02768.jpg,unlock and open the box,OPEN,3
data/raw/images/img_02769.jpg,close the cabinet,CLOSE,4
data/raw/images/img_02770.jpg,pick up the red block,PICK,0
data/raw/images/img_02771.jpg,put the object down carefully,PLACE,1
data/raw/images/img_02772.jpg,move the cube away,PUSH,2
data/raw/images/img_02773.jpg,unlock and open the box,OPEN,3
data/raw/images/img_02774.jpg,close the cabinet,CLOSE,4
data/raw/images/img_02775.jpg,pick up the red block,PICK,0
data/raw/images/img_02776.jpg,put the object down carefully,PLACE,1
data/raw/images/img_02777.jpg,move the cube away,PUSH,2
data/raw/images/img_02778.jpg,unlock and open the box,OPEN,3
data/raw/images/img_02779.jpg,close the cabinet,CLOSE,4
data/raw/images/img_02780.jpg,pick up the red block,PICK,0
data/raw/images/img_02781.jpg,put the object down carefully,PLACE,1
data/raw/images/img_02782.jpg,move the cube away,PUSH,2
data/raw/images/img_02783.jpg,unlock and open the box,OPEN,3
data/raw/images/img_02784.jpg,close the cabinet,CLOSE,4
data/raw/images/img_02785.jpg,pick up the red block,PICK,0
data/raw/images/img_02786.jpg,put the object down carefully,PLACE,1
data/raw/images/img_02787.jpg,move the cube away,PUSH,2
data/raw/images/img_02788.jpg,unlock and open the box,OPEN,3
data/raw/images/img_02789.jpg,close the cabinet,CLOSE,4
data/raw/images/img_02790.jpg,pick up the red block,PICK,0
data/raw/images/img_02791.jpg,put the object down carefully,PLACE,1
data/raw/images/img_02792.jpg,move the cube away,PUSH,2
data/raw/images/img_02793.jpg,unlock and open the box,OPEN,3
data/raw/images/img_02794.jpg,close the cabinet,CLOSE,4
data/raw/images/img_02795.jpg,pick up the red block,PICK,0
data/raw/images/img_02796.jpg,put the object down carefully,PLACE,1
data/raw/images/img_02797.jpg,move the cube away,PUSH,2
data/raw/images/img_02798.jpg,unlock and open the box,OPEN,3
data/raw/images/img_02799.jpg,close the cabinet,CLOSE,4
data/raw/images/img_02800.jpg,pick up the red block,PICK,0
data/raw/images/img_02801.jpg,put the object down carefully,PLACE,1
data/raw/images/img_02802.jpg,move the cube away,PUSH,2
data/raw/images/img_02803.jpg,unlock and open the box,OPEN,3
data/raw/images/img_02804.jpg,close the cabinet,CLOSE,4
data/raw/images/img_02805.jpg,pick up the red block,PICK,0
data/raw/images/img_02806.jpg,put the object down carefully,PLACE,1
data/raw/images/img_02807.jpg,move the cube away,PUSH,2
data/raw/images/img_02808.jpg,unlock and open the box,OPEN,3
data/raw/images/img_02809.jpg,close the cabinet,CLOSE,4
data/raw/images/img_02810.jpg,pick up the red block,PICK,0
data/raw/images/img_02811.jpg,put the object down carefully,PLACE,1
data/raw/images/img_02812.jpg,move the cube away,PUSH,2
data/raw/images/img_02813.jpg,unlock and open the box,OPEN,3
data/raw/images/img_02814.jpg,close the cabinet,CLOSE,4
data/raw/images/img_02815.jpg,pick up the red block,PICK,0
data/raw/images/img_02816.jpg,put the object down carefully,PLACE,1
data/raw/images/img_02817.jpg,move the cube away,PUSH,2
data/raw/images/img_02818.jpg,unlock and open the box,OPEN,3
data/raw/images/img_02819.jpg,close the cabinet,CLOSE,4
data/raw/images/img_02820.jpg,pick up the red block,PICK,0
data/raw/images/img_02821.jpg,put the object down carefully,PLACE,1
data/raw/images/img_02822.jpg,move the cube away,PUSH,2
data/raw/images/img_02823.jpg,unlock and open the box,OPEN,3
data/raw/images/img_02824.jpg,close the cabinet,CLOSE,4
data/raw/images/img_02825.jpg,pick up the red block,PICK,0
data/raw/images/img_02826.jpg,put the object down carefully,PLACE,1
data/raw/images/img_02827.jpg,move the cube away,PUSH,2
data/raw/images/img_02828.jpg,unlock and open the box,OPEN,3
data/raw/images/img_02829.jpg,close the cabinet,CLOSE,4
data/raw/images/img_02830.jpg,pick up the red block,PICK,0
data/raw/images/img_02831.jpg,put the object down carefully,PLACE,1
data/raw/images/img_02832.jpg,move the cube away,PUSH,2
data/raw/images/img_02833.jpg,unlock and open the box,OPEN,3
data/raw/images/img_02834.jpg,close the cabinet,CLOSE,4
data/raw/images/img_02835.jpg,pick up the red block,PICK,0
data/raw/images/img_02836.jpg,put the object down carefully,PLACE,1
data/raw/images/img_02837.jpg,move the cube away,PUSH,2
data/raw/images/img_02838.jpg,unlock and open the box,OPEN,3
data/raw/images/img_02839.jpg,close the cabinet,CLOSE,4
data/raw/images/img_02840.jpg,pick up the red block,PICK,0
data/raw/images/img_02841.jpg,put the object down carefully,PLACE,1
data/raw/images/img_02842.jpg,move the cube away,PUSH,2
data/raw/images/img_02843.jpg,unlock and open the box,OPEN,3
data/raw/images/img_02844.jpg,close the cabinet,CLOSE,4
data/raw/images/img_02845.jpg,pick up the red block,PICK,0
data/raw/images/img_02846.jpg,put the object down carefully,PLACE,1
data/raw/images/img_02847.jpg,move the cube away,PUSH,2
data/raw/images/img_02848.jpg,unlock and open the box,OPEN,3
data/raw/images/img_02849.jpg,close the cabinet,CLOSE,4
data/raw/images/img_02850.jpg,pick up the red block,PICK,0
data/raw/images/img_02851.jpg,put the object down carefully,PLACE,1
data/raw/images/img_02852.jpg,move the cube away,PUSH,2
data/raw/images/img_02853.jpg,unlock and open the box,OPEN,3
data/raw/images/img_02854.jpg,close the cabinet,CLOSE,4
data/raw/images/img_02855.jpg,pick up the red block,PICK,0
data/raw/images/img_02856.jpg,put the object down carefully,PLACE,1
data/raw/images/img_02857.jpg,move the cube away,PUSH,2
data/raw/images/img_02858.jpg,unlock and open the box,OPEN,3
data/raw/images/img_02859.jpg,close the cabinet,CLOSE,4
data/raw/images/img_02860.jpg,pick up the red block,PICK,0
data/raw/images/img_02861.jpg,put the object down carefully,PLACE,1
data/raw/images/img_02862.jpg,move the cube away,PUSH,2
data/raw/images/img_02863.jpg,unlock and open the box,OPEN,3
data/raw/images/img_02864.jpg,close the cabinet,CLOSE,4
data/raw/images/img_02865.jpg,pick up the red block,PICK,0
data/raw/images/img_02866.jpg,put the object down carefully,PLACE,1
data/raw/images/img_02867.jpg,move the cube away,PUSH,2
data/raw/images/img_02868.jpg,unlock and open the box,OPEN,3
data/raw/images/img_02869.jpg,close the cabinet,CLOSE,4
data/raw/images/img_02870.jpg,pick up the red block,PICK,0
data/raw/images/img_02871.jpg,put the object down carefully,PLACE,1
data/raw/images/img_02872.jpg,move the cube away,PUSH,2
data/raw/images/img_02873.jpg,unlock and open the box,OPEN,3
data/raw/images/img_02874.jpg,close the cabinet,CLOSE,4
data/raw/images/img_02875.jpg,pick up the red block,PICK,0
data/raw/images/img_02876.jpg,put the object down carefully,PLACE,1
data/raw/images/img_02877.jpg,move the cube away,PUSH,2
data/raw/images/img_02878.jpg,unlock and open the box,OPEN,3
data/raw/images/img_02879.jpg,close the cabinet,CLOSE,4
data/raw/images/img_02880.jpg,pick up the red block,PICK,0
data/raw/images/img_02881.jpg,put the object down carefully,PLACE,1
data/raw/images/img_02882.jpg,move the cube away,PUSH,2
data/raw/images/img_02883.jpg,unlock and open the box,OPEN,3
data/raw/images/img_02884.jpg,close the cabinet,CLOSE,4
data/raw/images/img_02885.jpg,pick up the red block,PICK,0
data/raw/images/img_02886.jpg,put the object down carefully,PLACE,1
data/raw/images/img_02887.jpg,move the cube away,PUSH,2
data/raw/images/img_02888.jpg,unlock and open the box,OPEN,3
data/raw/images/img_02889.jpg,close the cabinet,CLOSE,4
data/raw/images/img_02890.jpg,pick up the red block,PICK,0
data/raw/images/img_02891.jpg,put the object down carefully,PLACE,1
data/raw/images/img_02892.jpg,move the cube away,PUSH,2
data/raw/images/img_02893.jpg,unlock and open the box,OPEN,3
data/raw/images/img_02894.jpg,close the cabinet,CLOSE,4
data/raw/images/img_02895.jpg,pick up the red block,PICK,0
data/raw/images/img_02896.jpg,put the object down carefully,PLACE,1
data/raw/images/img_02897.jpg,move the cube away,PUSH,2
data/raw/images/img_02898.jpg,unlock and open the box,OPEN,3
data/raw/images/img_02899.jpg,close the cabinet,CLOSE,4
data/raw/images/img_02900.jpg,pick up the red block,PICK,0
data/raw/images/img_02901.jpg,put the object down carefully,PLACE,1
data/raw/images/img_02902.jpg,move the cube away,PUSH,2
data/raw/images/img_02903.jpg,unlock and open the box,OPEN,3
data/raw/images/img_02904.jpg,close the cabinet,CLOSE,4
data/raw/images/img_02905.jpg,pick up the red block,PICK,0
data/raw/images/img_02906.jpg,put the object down carefully,PLACE,1
data/raw/images/img_02907.jpg,move the cube away,PUSH,2
data/raw/images/img_02908.jpg,unlock and open the box,OPEN,3
data/raw/images/img_02909.jpg,close the cabinet,CLOSE,4
data/raw/images/img_02910.jpg,pick up the red block,PICK,0
data/raw/images/img_02911.jpg,put the object down carefully,PLACE,1
data/raw/images/img_02912.jpg,move the cube away,PUSH,2
data/raw/images/img_02913.jpg,unlock and open the box,OPEN,3
data/raw/images/img_02914.jpg,close the cabinet,CLOSE,4
data/raw/images/img_02915.jpg,pick up the red block,PICK,0
data/raw/images/img_02916.jpg,put the object down carefully,PLACE,1
data/raw/images/img_02917.jpg,move the cube away,PUSH,2
data/raw/images/img_02918.jpg,unlock and open the box,OPEN,3
data/raw/images/img_02919.jpg,close the cabinet,CLOSE,4
data/raw/images/img_02920.jpg,pick up the red block,PICK,0
data/raw/images/img_02921.jpg,put the object down carefully,PLACE,1
data/raw/images/img_02922.jpg,move the cube away,PUSH,2
data/raw/images/img_02923.jpg,unlock and open the box,OPEN,3
data/raw/images/img_02924.jpg,close the cabinet,CLOSE,4
data/raw/images/img_02925.jpg,pick up the red block,PICK,0
data/raw/images/img_02926.jpg,put the object down carefully,PLACE,1
data/raw/images/img_02927.jpg,move the cube away,PUSH,2
data/raw/images/img_02928.jpg,unlock and open the box,OPEN,3
data/raw/images/img_02929.jpg,close the cabinet,CLOSE,4
data/raw/images/img_02930.jpg,pick up the red block,PICK,0
data/raw/images/img_02931.jpg,put the object down carefully,PLACE,1
data/raw/images/img_02932.jpg,move the cube away,PUSH,2
data/raw/images/img_02933.jpg,unlock and open the box,OPEN,3
data/raw/images/img_02934.jpg,close the cabinet,CLOSE,4
data/raw/images/img_02935.jpg,pick up the red block,PICK,0
data/raw/images/img_02936.jpg,put the object down carefully,PLACE,1
data/raw/images/img_02937.jpg,move the cube away,PUSH,2
data/raw/images/img_02938.jpg,unlock and open the box,OPEN,3
data/raw/images/img_02939.jpg,close the cabinet,CLOSE,4
data/raw/images/img_02940.jpg,pick up the red block,PICK,0
data/raw/images/img_02941.jpg,put the object down carefully,PLACE,1
data/raw/images/img_02942.jpg,move the cube away,PUSH,2
data/raw/images/img_02943.jpg,unlock and open the box,OPEN,3
data/raw/images/img_02944.jpg,close the cabinet,CLOSE,4
data/raw/images/img_02945.jpg,pick up the red block,PICK,0
data/raw/images/img_02946.jpg,put the object down carefully,PLACE,1
data/raw/images/img_02947.jpg,move the cube away,PUSH,2
data/raw/images/img_02948.jpg,unlock and open the box,OPEN,3
data/raw/images/img_02949.jpg,close the cabinet,CLOSE,4
data/raw/images/img_02950.jpg,pick up the red block,PICK,0
data/raw/images/img_02951.jpg,put the object down carefully,PLACE,1
data/raw/images/img_02952.jpg,move the cube away,PUSH,2
data/raw/images/img_02953.jpg,unlock and open the box,OPEN,3
data/raw/images/img_02954.jpg,close the cabinet,CLOSE,4
data/raw/images/img_02955.jpg,pick up the red block,PICK,0
data/raw/images/img_02956.jpg,put the object down carefully,PLACE,1
data/raw/images/img_02957.jpg,move the cube away,PUSH,2
data/raw/images/img_02958.jpg,unlock and open the box,OPEN,3
data/raw/images/img_02959.jpg,close the cabinet,CLOSE,4
data/raw/images/img_02960.jpg,pick up the red block,PICK,0
data/raw/images/img_02961.jpg,put the object down carefully,PLACE,1
data/raw/images/img_02962.jpg,move the cube away,PUSH,2
data/raw/images/img_02963.jpg,unlock and open the box,OPEN,3
data/raw/images/img_02964.jpg,close the cabinet,CLOSE,4
data/raw/images/img_02965.jpg,pick up the red block,PICK,0
data/raw/images/img_02966.jpg,put the object down carefully,PLACE,1
data/raw/images/img_02967.jpg,move the cube away,PUSH,2
data/raw/images/img_02968.jpg,unlock and open the box,OPEN,3
data/raw/images/img_02969.jpg,close the cabinet,CLOSE,4
data/raw/images/img_02970.jpg,pick up the red block,PICK,0
data/raw/images/img_02971.jpg,put the object down carefully,PLACE,1
data/raw/images/img_02972.jpg,move the cube away,PUSH,2
data/raw/images/img_02973.jpg,unlock and open the box,OPEN,3
data/raw/images/img_02974.jpg,close the cabinet,CLOSE,4
data/raw/images/img_02975.jpg,pick up the red block,PICK,0
data/raw/images/img_02976.jpg,put the object down carefully,PLACE,1
data/raw/images/img_02977.jpg,move the cube away,PUSH,2
data/raw/images/img_02978.jpg,unlock and open the box,OPEN,3
data/raw/images/img_02979.jpg,close the cabinet,CLOSE,4
data/raw/images/img_02980.jpg,pick up the red block,PICK,0
data/raw/images/img_02981.jpg,put the object down carefully,PLACE,1
data/raw/images/img_02982.jpg,move the cube away,PUSH,2
data/raw/images/img_02983.jpg,unlock and open the box,OPEN,3
data/raw/images/img_02984.jpg,close the cabinet,CLOSE,4
data/raw/images/img_02985.jpg,pick up the red block,PICK,0
data/raw/images/img_02986.jpg,put the object down carefully,PLACE,1
data/raw/images/img_02987.jpg,move the cube away,PUSH,2
data/raw/images/img_02988.jpg,unlock and open the box,OPEN,3
data/raw/images/img_02989.jpg,close the cabinet,CLOSE,4
data/raw/images/img_02990.jpg,pick up the red block,PICK,0
data/raw/images/img_02991.jpg,put the object down carefully,PLACE,1
data/raw/images/img_02992.jpg,move the cube away,PUSH,2
data/raw/images/img_02993.jpg,unlock and open the box,OPEN,3
data/raw/images/img_02994.jpg,close the cabinet,CLOSE,4
data/raw/images/img_02995.jpg,pick up the red block,PICK,0
data/raw/images/img_02996.jpg,put the object down carefully,PLACE,1
data/raw/images/img_02997.jpg,move the cube away,PUSH,2
data/raw/images/img_02998.jpg,unlock and open the box,OPEN,3
data/raw/images/img_02999.jpg,close the cabinet,CLOSE,4
data/raw/images/img_03000.jpg,pick up the red block,PICK,0
data/raw/images/img_03001.jpg,put the object down carefully,PLACE,1
data/raw/images/img_03002.jpg,move the cube away,PUSH,2
data/raw/images/img_03003.jpg,unlock and open the box,OPEN,3
data/raw/images/img_03004.jpg,close the cabinet,CLOSE,4
data/raw/images/img_03005.jpg,pick up the red block,PICK,0
data/raw/images/img_03006.jpg,put the object down carefully,PLACE,1
data/raw/images/img_03007.jpg,move the cube away,PUSH,2
data/raw/images/img_03008.jpg,unlock and open the box,OPEN,3
data/raw/images/img_03009.jpg,close the cabinet,CLOSE,4
data/raw/images/img_03010.jpg,pick up the red block,PICK,0
data/raw/images/img_03011.jpg,put the object down carefully,PLACE,1
data/raw/images/img_03012.jpg,move the cube away,PUSH,2
data/raw/images/img_03013.jpg,unlock and open the box,OPEN,3
data/raw/images/img_03014.jpg,close the cabinet,CLOSE,4
data/raw/images/img_03015.jpg,pick up the red block,PICK,0
data/raw/images/img_03016.jpg,put the object down carefully,PLACE,1
data/raw/images/img_03017.jpg,move the cube away,PUSH,2
data/raw/images/img_03018.jpg,unlock and open the box,OPEN,3
data/raw/images/img_03019.jpg,close the cabinet,CLOSE,4
data/raw/images/img_03020.jpg,pick up the red block,PICK,0
data/raw/images/img_03021.jpg,put the object down carefully,PLACE,1
data/raw/images/img_03022.jpg,move the cube away,PUSH,2
data/raw/images/img_03023.jpg,unlock and open the box,OPEN,3
data/raw/images/img_03024.jpg,close the cabinet,CLOSE,4
data/raw/images/img_03025.jpg,pick up the red block,PICK,0
data/raw/images/img_03026.jpg,put the object down carefully,PLACE,1
data/raw/images/img_03027.jpg,move the cube away,PUSH,2
data/raw/images/img_03028.jpg,unlock and open the box,OPEN,3
data/raw/images/img_03029.jpg,close the cabinet,CLOSE,4
data/raw/images/img_03030.jpg,pick up the red block,PICK,0
data/raw/images/img_03031.jpg,put the object down carefully,PLACE,1
data/raw/images/img_03032.jpg,move the cube away,PUSH,2
data/raw/images/img_03033.jpg,unlock and open the box,OPEN,3
data/raw/images/img_03034.jpg,close the cabinet,CLOSE,4
data/raw/images/img_03035.jpg,pick up the red block,PICK,0
data/raw/images/img_03036.jpg,put the object down carefully,PLACE,1
data/raw/images/img_03037.jpg,move the cube away,PUSH,2
data/raw/images/img_03038.jpg,unlock and open the box,OPEN,3
data/raw/images/img_03039.jpg,close the cabinet,CLOSE,4
data/raw/images/img_03040.jpg,pick up the red block,PICK,0
data/raw/images/img_03041.jpg,put the object down carefully,PLACE,1
data/raw/images/img_03042.jpg,move the cube away,PUSH,2
data/raw/images/img_03043.jpg,unlock and open the box,OPEN,3
data/raw/images/img_03044.jpg,close the cabinet,CLOSE,4
data/raw/images/img_03045.jpg,pick up the red block,PICK,0
data/raw/images/img_03046.jpg,put the object down carefully,PLACE,1
data/raw/images/img_03047.jpg,move the cube away,PUSH,2
data/raw/images/img_03048.jpg,unlock and open the box,OPEN,3
data/raw/images/img_03049.jpg,close the cabinet,CLOSE,4
data/raw/images/img_03050.jpg,pick up the red block,PICK,0
data/raw/images/img_03051.jpg,put the object down carefully,PLACE,1
data/raw/images/img_03052.jpg,move the cube away,PUSH,2
data/raw/images/img_03053.jpg,unlock and open the box,OPEN,3
data/raw/images/img_03054.jpg,close the cabinet,CLOSE,4
data/raw/images/img_03055.jpg,pick up the red block,PICK,0
data/raw/images/img_03056.jpg,put the object down carefully,PLACE,1
data/raw/images/img_03057.jpg,move the cube away,PUSH,2
data/raw/images/img_03058.jpg,unlock and open the box,OPEN,3
data/raw/images/img_03059.jpg,close the cabinet,CLOSE,4
data/raw/images/img_03060.jpg,pick up the red block,PICK,0
data/raw/images/img_03061.jpg,put the object down carefully,PLACE,1
data/raw/images/img_03062.jpg,move the cube away,PUSH,2
data/raw/images/img_03063.jpg,unlock and open the box,OPEN,3
data/raw/images/img_03064.jpg,close the cabinet,CLOSE,4
data/raw/images/img_03065.jpg,pick up the red block,PICK,0
data/raw/images/img_03066.jpg,put the object down carefully,PLACE,1
data/raw/images/img_03067.jpg,move the cube away,PUSH,2
data/raw/images/img_03068.jpg,unlock and open the box,OPEN,3
data/raw/images/img_03069.jpg,close the cabinet,CLOSE,4
data/raw/images/img_03070.jpg,pick up the red block,PICK,0
data/raw/images/img_03071.jpg,put the object down carefully,PLACE,1
data/raw/images/img_03072.jpg,move the cube away,PUSH,2
data/raw/images/img_03073.jpg,unlock and open the box,OPEN,3
data/raw/images/img_03074.jpg,close the cabinet,CLOSE,4
data/raw/images/img_03075.jpg,pick up the red block,PICK,0
data/raw/images/img_03076.jpg,put the object down carefully,PLACE,1
data/raw/images/img_03077.jpg,move the cube away,PUSH,2
data/raw/images/img_03078.jpg,unlock and open the box,OPEN,3
data/raw/images/img_03079.jpg,close the cabinet,CLOSE,4
data/raw/images/img_03080.jpg,pick up the red block,PICK,0
data/raw/images/img_03081.jpg,put the object down carefully,PLACE,1
data/raw/images/img_03082.jpg,move the cube away,PUSH,2
data/raw/images/img_03083.jpg,unlock and open the box,OPEN,3
data/raw/images/img_03084.jpg,close the cabinet,CLOSE,4
data/raw/images/img_03085.jpg,pick up the red block,PICK,0
data/raw/images/img_03086.jpg,put the object down carefully,PLACE,1
data/raw/images/img_03087.jpg,move the cube away,PUSH,2
data/raw/images/img_03088.jpg,unlock and open the box,OPEN,3
data/raw/images/img_03089.jpg,close the cabinet,CLOSE,4
data/raw/images/img_03090.jpg,pick up the red block,PICK,0
data/raw/images/img_03091.jpg,put the object down carefully,PLACE,1
data/raw/images/img_03092.jpg,move the cube away,PUSH,2
data/raw/images/img_03093.jpg,unlock and open the box,OPEN,3
data/raw/images/img_03094.jpg,close the cabinet,CLOSE,4
data/raw/images/img_03095.jpg,pick up the red block,PICK,0
data/raw/images/img_03096.jpg,put the object down carefully,PLACE,1
data/raw/images/img_03097.jpg,move the cube away,PUSH,2
data/raw/images/img_03098.jpg,unlock and open the box,OPEN,3
data/raw/images/img_03099.jpg,close the cabinet,CLOSE,4
data/raw/images/img_03100.jpg,pick up the red block,PICK,0
data/raw/images/img_03101.jpg,put the object down carefully,PLACE,1
data/raw/images/img_03102.jpg,move the cube away,PUSH,2
data/raw/images/img_03103.jpg,unlock and open the box,OPEN,3
data/raw/images/img_03104.jpg,close the cabinet,CLOSE,4
data/raw/images/img_03105.jpg,pick up the red block,PICK,0
data/raw/images/img_03106.jpg,put the object down carefully,PLACE,1
data/raw/images/img_03107.jpg,move the cube away,PUSH,2
data/raw/images/img_03108.jpg,unlock and open the box,OPEN,3
data/raw/images/img_03109.jpg,close the cabinet,CLOSE,4
data/raw/images/img_03110.jpg,pick up the red block,PICK,0
data/raw/images/img_03111.jpg,put the object down carefully,PLACE,1
data/raw/images/img_03112.jpg,move the cube away,PUSH,2
data/raw/images/img_03113.jpg,unlock and open the box,OPEN,3
data/raw/images/img_03114.jpg,close the cabinet,CLOSE,4
data/raw/images/img_03115.jpg,pick up the red block,PICK,0
data/raw/images/img_03116.jpg,put the object down carefully,PLACE,1
data/raw/images/img_03117.jpg,move the cube away,PUSH,2
data/raw/images/img_03118.jpg,unlock and open the box,OPEN,3
data/raw/images/img_03119.jpg,close the cabinet,CLOSE,4
data/raw/images/img_03120.jpg,pick up the red block,PICK,0
data/raw/images/img_03121.jpg,put the object down carefully,PLACE,1
data/raw/images/img_03122.jpg,move the cube away,PUSH,2
data/raw/images/img_03123.jpg,unlock and open the box,OPEN,3
data/raw/images/img_03124.jpg,close the cabinet,CLOSE,4
data/raw/images/img_03125.jpg,pick up the red block,PICK,0
data/raw/images/img_03126.jpg,put the object down carefully,PLACE,1
data/raw/images/img_03127.jpg,move the cube away,PUSH,2
data/raw/images/img_03128.jpg,unlock and open the box,OPEN,3
data/raw/images/img_03129.jpg,close the cabinet,CLOSE,4
data/raw/images/img_03130.jpg,pick up the red block,PICK,0
data/raw/images/img_03131.jpg,put the object down carefully,PLACE,1
data/raw/images/img_03132.jpg,move the cube away,PUSH,2
data/raw/images/img_03133.jpg,unlock and open the box,OPEN,3
data/raw/images/img_03134.jpg,close the cabinet,CLOSE,4
data/raw/images/img_03135.jpg,pick up the red block,PICK,0
data/raw/images/img_03136.jpg,put the object down carefully,PLACE,1
data/raw/images/img_03137.jpg,move the cube away,PUSH,2
data/raw/images/img_03138.jpg,unlock and open the box,OPEN,3
data/raw/images/img_03139.jpg,close the cabinet,CLOSE,4
data/raw/images/img_03140.jpg,pick up the red block,PICK,0
data/raw/images/img_03141.jpg,put the object down carefully,PLACE,1
data/raw/images/img_03142.jpg,move the cube away,PUSH,2
data/raw/images/img_03143.jpg,unlock and open the box,OPEN,3
data/raw/images/img_03144.jpg,close the cabinet,CLOSE,4
data/raw/images/img_03145.jpg,pick up the red block,PICK,0
data/raw/images/img_03146.jpg,put the object down carefully,PLACE,1
data/raw/images/img_03147.jpg,move the cube away,PUSH,2
data/raw/images/img_03148.jpg,unlock and open the box,OPEN,3
data/raw/images/img_03149.jpg,close the cabinet,CLOSE,4
data/raw/images/img_03150.jpg,pick up the red block,PICK,0
data/raw/images/img_03151.jpg,put the object down carefully,PLACE,1
data/raw/images/img_03152.jpg,move the cube away,PUSH,2
data/raw/images/img_03153.jpg,unlock and open the box,OPEN,3
data/raw/images/img_03154.jpg,close the cabinet,CLOSE,4
data/raw/images/img_03155.jpg,pick up the red block,PICK,0
data/raw/images/img_03156.jpg,put the object down carefully,PLACE,1
data/raw/images/img_03157.jpg,move the cube away,PUSH,2
data/raw/images/img_03158.jpg,unlock and open the box,OPEN,3
data/raw/images/img_03159.jpg,close the cabinet,CLOSE,4
data/raw/images/img_03160.jpg,pick up the red block,PICK,0
data/raw/images/img_03161.jpg,put the object down carefully,PLACE,1
data/raw/images/img_03162.jpg,move the cube away,PUSH,2
data/raw/images/img_03163.jpg,unlock and open the box,OPEN,3
data/raw/images/img_03164.jpg,close the cabinet,CLOSE,4
data/raw/images/img_03165.jpg,pick up the red block,PICK,0
data/raw/images/img_03166.jpg,put the object down carefully,PLACE,1
data/raw/images/img_03167.jpg,move the cube away,PUSH,2
data/raw/images/img_03168.jpg,unlock and open the box,OPEN,3
data/raw/images/img_03169.jpg,close the cabinet,CLOSE,4
data/raw/images/img_03170.jpg,pick up the red block,PICK,0
data/raw/images/img_03171.jpg,put the object down carefully,PLACE,1
data/raw/images/img_03172.jpg,move the cube away,PUSH,2
data/raw/images/img_03173.jpg,unlock and open the box,OPEN,3
data/raw/images/img_03174.jpg,close the cabinet,CLOSE,4
data/raw/images/img_03175.jpg,pick up the red block,PICK,0
data/raw/images/img_03176.jpg,put the object down carefully,PLACE,1
data/raw/images/img_03177.jpg,move the cube away,PUSH,2
data/raw/images/img_03178.jpg,unlock and open the box,OPEN,3
data/raw/images/img_03179.jpg,close the cabinet,CLOSE,4
data/raw/images/img_03180.jpg,pick up the red block,PICK,0
data/raw/images/img_03181.jpg,put the object down carefully,PLACE,1
data/raw/images/img_03182.jpg,move the cube away,PUSH,2
data/raw/images/img_03183.jpg,unlock and open the box,OPEN,3
data/raw/images/img_03184.jpg,close the cabinet,CLOSE,4
data/raw/images/img_03185.jpg,pick up the red block,PICK,0
data/raw/images/img_03186.jpg,put the object down carefully,PLACE,1
data/raw/images/img_03187.jpg,move the cube away,PUSH,2
data/raw/images/img_03188.jpg,unlock and open the box,OPEN,3
data/raw/images/img_03189.jpg,close the cabinet,CLOSE,4
data/raw/images/img_03190.jpg,pick up the red block,PICK,0
data/raw/images/img_03191.jpg,put the object down carefully,PLACE,1
data/raw/images/img_03192.jpg,move the cube away,PUSH,2
data/raw/images/img_03193.jpg,unlock and open the box,OPEN,3
data/raw/images/img_03194.jpg,close the cabinet,CLOSE,4
data/raw/images/img_03195.jpg,pick up the red block,PICK,0
data/raw/images/img_03196.jpg,put the object down carefully,PLACE,1
data/raw/images/img_03197.jpg,move the cube away,PUSH,2
data/raw/images/img_03198.jpg,unlock and open the box,OPEN,3
data/raw/images/img_03199.jpg,close the cabinet,CLOSE,4
data/raw/images/img_03200.jpg,pick up the red block,PICK,0
data/raw/images/img_03201.jpg,put the object down carefully,PLACE,1
data/raw/images/img_03202.jpg,move the cube away,PUSH,2
data/raw/images/img_03203.jpg,unlock and open the box,OPEN,3
data/raw/images/img_03204.jpg,close the cabinet,CLOSE,4
data/raw/images/img_03205.jpg,pick up the red block,PICK,0
data/raw/images/img_03206.jpg,put the object down carefully,PLACE,1
data/raw/images/img_03207.jpg,move the cube away,PUSH,2
data/raw/images/img_03208.jpg,unlock and open the box,OPEN,3
data/raw/images/img_03209.jpg,close the cabinet,CLOSE,4
data/raw/images/img_03210.jpg,pick up the red block,PICK,0
data/raw/images/img_03211.jpg,put the object down carefully,PLACE,1
data/raw/images/img_03212.jpg,move the cube away,PUSH,2
data/raw/images/img_03213.jpg,unlock and open the box,OPEN,3
data/raw/images/img_03214.jpg,close the cabinet,CLOSE,4
data/raw/images/img_03215.jpg,pick up the red block,PICK,0
data/raw/images/img_03216.jpg,put the object down carefully,PLACE,1
data/raw/images/img_03217.jpg,move the cube away,PUSH,2
data/raw/images/img_03218.jpg,unlock and open the box,OPEN,3
data/raw/images/img_03219.jpg,close the cabinet,CLOSE,4
data/raw/images/img_03220.jpg,pick up the red block,PICK,0
data/raw/images/img_03221.jpg,put the object down carefully,PLACE,1
data/raw/images/img_03222.jpg,move the cube away,PUSH,2
data/raw/images/img_03223.jpg,unlock and open the box,OPEN,3
data/raw/images/img_03224.jpg,close the cabinet,CLOSE,4
data/raw/images/img_03225.jpg,pick up the red block,PICK,0
data/raw/images/img_03226.jpg,put the object down carefully,PLACE,1
data/raw/images/img_03227.jpg,move the cube away,PUSH,2
data/raw/images/img_03228.jpg,unlock and open the box,OPEN,3
data/raw/images/img_03229.jpg,close the cabinet,CLOSE,4
data/raw/images/img_03230.jpg,pick up the red block,PICK,0
data/raw/images/img_03231.jpg,put the object down carefully,PLACE,1
data/raw/images/img_03232.jpg,move the cube away,PUSH,2
data/raw/images/img_03233.jpg,unlock and open the box,OPEN,3
data/raw/images/img_03234.jpg,close the cabinet,CLOSE,4
data/raw/images/img_03235.jpg,pick up the red block,PICK,0
data/raw/images/img_03236.jpg,put the object down carefully,PLACE,1
data/raw/images/img_03237.jpg,move the cube away,PUSH,2
data/raw/images/img_03238.jpg,unlock and open the box,OPEN,3
data/raw/images/img_03239.jpg,close the cabinet,CLOSE,4
data/raw/images/img_03240.jpg,pick up the red block,PICK,0
data/raw/images/img_03241.jpg,put the object down carefully,PLACE,1
data/raw/images/img_03242.jpg,move the cube away,PUSH,2
data/raw/images/img_03243.jpg,unlock and open the box,OPEN,3
data/raw/images/img_03244.jpg,close the cabinet,CLOSE,4
data/raw/images/img_03245.jpg,pick up the red block,PICK,0
data/raw/images/img_03246.jpg,put the object down carefully,PLACE,1
data/raw/images/img_03247.jpg,move the cube away,PUSH,2
data/raw/images/img_03248.jpg,unlock and open the box,OPEN,3
data/raw/images/img_03249.jpg,close the cabinet,CLOSE,4
data/raw/images/img_03250.jpg,pick up the red block,PICK,0
data/raw/images/img_03251.jpg,put the object down carefully,PLACE,1
data/raw/images/img_03252.jpg,move the cube away,PUSH,2
data/raw/images/img_03253.jpg,unlock and open the box,OPEN,3
data/raw/images/img_03254.jpg,close the cabinet,CLOSE,4
data/raw/images/img_03255.jpg,pick up the red block,PICK,0
data/raw/images/img_03256.jpg,put the object down carefully,PLACE,1
data/raw/images/img_03257.jpg,move the cube away,PUSH,2
data/raw/images/img_03258.jpg,unlock and open the box,OPEN,3
data/raw/images/img_03259.jpg,close the cabinet,CLOSE,4
data/raw/images/img_03260.jpg,pick up the red block,PICK,0
data/raw/images/img_03261.jpg,put the object down carefully,PLACE,1
data/raw/images/img_03262.jpg,move the cube away,PUSH,2
data/raw/images/img_03263.jpg,unlock and open the box,OPEN,3
data/raw/images/img_03264.jpg,close the cabinet,CLOSE,4
data/raw/images/img_03265.jpg,pick up the red block,PICK,0
data/raw/images/img_03266.jpg,put the object down carefully,PLACE,1
data/raw/images/img_03267.jpg,move the cube away,PUSH,2
data/raw/images/img_03268.jpg,unlock and open the box,OPEN,3
data/raw/images/img_03269.jpg,close the cabinet,CLOSE,4
data/raw/images/img_03270.jpg,pick up the red block,PICK,0
data/raw/images/img_03271.jpg,put the object down carefully,PLACE,1
data/raw/images/img_03272.jpg,move the cube away,PUSH,2
data/raw/images/img_03273.jpg,unlock and open the box,OPEN,3
data/raw/images/img_03274.jpg,close the cabinet,CLOSE,4
data/raw/images/img_03275.jpg,pick up the red block,PICK,0
data/raw/images/img_03276.jpg,put the object down carefully,PLACE,1
data/raw/images/img_03277.jpg,move the cube away,PUSH,2
data/raw/images/img_03278.jpg,unlock and open the box,OPEN,3
data/raw/images/img_03279.jpg,close the cabinet,CLOSE,4
data/raw/images/img_03280.jpg,pick up the red block,PICK,0
data/raw/images/img_03281.jpg,put the object down carefully,PLACE,1
data/raw/images/img_03282.jpg,move the cube away,PUSH,2
data/raw/images/img_03283.jpg,unlock and open the box,OPEN,3
data/raw/images/img_03284.jpg,close the cabinet,CLOSE,4
data/raw/images/img_03285.jpg,pick up the red block,PICK,0
data/raw/images/img_03286.jpg,put the object down carefully,PLACE,1
data/raw/images/img_03287.jpg,move the cube away,PUSH,2
data/raw/images/img_03288.jpg,unlock and open the box,OPEN,3
data/raw/images/img_03289.jpg,close the cabinet,CLOSE,4
data/raw/images/img_03290.jpg,pick up the red block,PICK,0
data/raw/images/img_03291.jpg,put the object down carefully,PLACE,1
data/raw/images/img_03292.jpg,move the cube away,PUSH,2
data/raw/images/img_03293.jpg,unlock and open the box,OPEN,3
data/raw/images/img_03294.jpg,close the cabinet,CLOSE,4
data/raw/images/img_03295.jpg,pick up the red block,PICK,0
data/raw/images/img_03296.jpg,put the object down carefully,PLACE,1
data/raw/images/img_03297.jpg,move the cube away,PUSH,2
data/raw/images/img_03298.jpg,unlock and open the box,OPEN,3
data/raw/images/img_03299.jpg,close the cabinet,CLOSE,4
data/raw/images/img_03300.jpg,pick up the red block,PICK,0
data/raw/images/img_03301.jpg,put the object down carefully,PLACE,1
data/raw/images/img_03302.jpg,move the cube away,PUSH,2
data/raw/images/img_03303.jpg,unlock and open the box,OPEN,3
data/raw/images/img_03304.jpg,close the cabinet,CLOSE,4
data/raw/images/img_03305.jpg,pick up the red block,PICK,0
data/raw/images/img_03306.jpg,put the object down carefully,PLACE,1
data/raw/images/img_03307.jpg,move the cube away,PUSH,2
data/raw/images/img_03308.jpg,unlock and open the box,OPEN,3
data/raw/images/img_03309.jpg,close the cabinet,CLOSE,4
data/raw/images/img_03310.jpg,pick up the red block,PICK,0
data/raw/images/img_03311.jpg,put the object down carefully,PLACE,1
data/raw/images/img_03312.jpg,move the cube away,PUSH,2
data/raw/images/img_03313.jpg,unlock and open the box,OPEN,3
data/raw/images/img_03314.jpg,close the cabinet,CLOSE,4
data/raw/images/img_03315.jpg,pick up the red block,PICK,0
data/raw/images/img_03316.jpg,put the object down carefully,PLACE,1
data/raw/images/img_03317.jpg,move the cube away,PUSH,2
data/raw/images/img_03318.jpg,unlock and open the box,OPEN,3
data/raw/images/img_03319.jpg,close the cabinet,CLOSE,4
data/raw/images/img_03320.jpg,pick up the red block,PICK,0
data/raw/images/img_03321.jpg,put the object down carefully,PLACE,1
data/raw/images/img_03322.jpg,move the cube away,PUSH,2
data/raw/images/img_03323.jpg,unlock and open the box,OPEN,3
data/raw/images/img_03324.jpg,close the cabinet,CLOSE,4
data/raw/images/img_03325.jpg,pick up the red block,PICK,0
data/raw/images/img_03326.jpg,put the object down carefully,PLACE,1
data/raw/images/img_03327.jpg,move the cube away,PUSH,2
data/raw/images/img_03328.jpg,unlock and open the box,OPEN,3
data/raw/images/img_03329.jpg,close the cabinet,CLOSE,4
data/raw/images/img_03330.jpg,pick up the red block,PICK,0
data/raw/images/img_03331.jpg,put the object down carefully,PLACE,1
data/raw/images/img_03332.jpg,move the cube away,PUSH,2
data/raw/images/img_03333.jpg,unlock and open the box,OPEN,3
data/raw/images/img_03334.jpg,close the cabinet,CLOSE,4
data/raw/images/img_03335.jpg,pick up the red block,PICK,0
data/raw/images/img_03336.jpg,put the object down carefully,PLACE,1
data/raw/images/img_03337.jpg,move the cube away,PUSH,2
data/raw/images/img_03338.jpg,unlock and open the box,OPEN,3
data/raw/images/img_03339.jpg,close the cabinet,CLOSE,4
data/raw/images/img_03340.jpg,pick up the red block,PICK,0
data/raw/images/img_03341.jpg,put the object down carefully,PLACE,1
data/raw/images/img_03342.jpg,move the cube away,PUSH,2
data/raw/images/img_03343.jpg,unlock and open the box,OPEN,3
data/raw/images/img_03344.jpg,close the cabinet,CLOSE,4
data/raw/images/img_03345.jpg,pick up the red block,PICK,0
data/raw/images/img_03346.jpg,put the object down carefully,PLACE,1
data/raw/images/img_03347.jpg,move the cube away,PUSH,2
data/raw/images/img_03348.jpg,unlock and open the box,OPEN,3
data/raw/images/img_03349.jpg,close the cabinet,CLOSE,4
data/raw/images/img_03350.jpg,pick up the red block,PICK,0
data/raw/images/img_03351.jpg,put the object down carefully,PLACE,1
data/raw/images/img_03352.jpg,move the cube away,PUSH,2
data/raw/images/img_03353.jpg,unlock and open the box,OPEN,3
data/raw/images/img_03354.jpg,close the cabinet,CLOSE,4
data/raw/images/img_03355.jpg,pick up the red block,PICK,0
data/raw/images/img_03356.jpg,put the object down carefully,PLACE,1
data/raw/images/img_03357.jpg,move the cube away,PUSH,2
data/raw/images/img_03358.jpg,unlock and open the box,OPEN,3
data/raw/images/img_03359.jpg,close the cabinet,CLOSE,4
data/raw/images/img_03360.jpg,pick up the red block,PICK,0
data/raw/images/img_03361.jpg,put the object down carefully,PLACE,1
data/raw/images/img_03362.jpg,move the cube away,PUSH,2
data/raw/images/img_03363.jpg,unlock and open the box,OPEN,3
data/raw/images/img_03364.jpg,close the cabinet,CLOSE,4
data/raw/images/img_03365.jpg,pick up the red block,PICK,0
data/raw/images/img_03366.jpg,put the object down carefully,PLACE,1
data/raw/images/img_03367.jpg,move the cube away,PUSH,2
data/raw/images/img_03368.jpg,unlock and open the box,OPEN,3
data/raw/images/img_03369.jpg,close the cabinet,CLOSE,4
data/raw/images/img_03370.jpg,pick up the red block,PICK,0
data/raw/images/img_03371.jpg,put the object down carefully,PLACE,1
data/raw/images/img_03372.jpg,move the cube away,PUSH,2
data/raw/images/img_03373.jpg,unlock and open the box,OPEN,3
data/raw/images/img_03374.jpg,close the cabinet,CLOSE,4
data/raw/images/img_03375.jpg,pick up the red block,PICK,0
data/raw/images/img_03376.jpg,put the object down carefully,PLACE,1
data/raw/images/img_03377.jpg,move the cube away,PUSH,2
data/raw/images/img_03378.jpg,unlock and open the box,OPEN,3
data/raw/images/img_03379.jpg,close the cabinet,CLOSE,4
data/raw/images/img_03380.jpg,pick up the red block,PICK,0
data/raw/images/img_03381.jpg,put the object down carefully,PLACE,1
data/raw/images/img_03382.jpg,move the cube away,PUSH,2
data/raw/images/img_03383.jpg,unlock and open the box,OPEN,3
data/raw/images/img_03384.jpg,close the cabinet,CLOSE,4
data/raw/images/img_03385.jpg,pick up the red block,PICK,0
data/raw/images/img_03386.jpg,put the object down carefully,PLACE,1
data/raw/images/img_03387.jpg,move the cube away,PUSH,2
data/raw/images/img_03388.jpg,unlock and open the box,OPEN,3
data/raw/images/img_03389.jpg,close the cabinet,CLOSE,4
data/raw/images/img_03390.jpg,pick up the red block,PICK,0
data/raw/images/img_03391.jpg,put the object down carefully,PLACE,1
data/raw/images/img_03392.jpg,move the cube away,PUSH,2
data/raw/images/img_03393.jpg,unlock and open the box,OPEN,3
data/raw/images/img_03394.jpg,close the cabinet,CLOSE,4
data/raw/images/img_03395.jpg,pick up the red block,PICK,0
data/raw/images/img_03396.jpg,put the object down carefully,PLACE,1
data/raw/images/img_03397.jpg,move the cube away,PUSH,2
data/raw/images/img_03398.jpg,unlock and open the box,OPEN,3
data/raw/images/img_03399.jpg,close the cabinet,CLOSE,4
data/raw/images/img_03400.jpg,pick up the red block,PICK,0
data/raw/images/img_03401.jpg,put the object down carefully,PLACE,1
data/raw/images/img_03402.jpg,move the cube away,PUSH,2
data/raw/images/img_03403.jpg,unlock and open the box,OPEN,3
data/raw/images/img_03404.jpg,close the cabinet,CLOSE,4
data/raw/images/img_03405.jpg,pick up the red block,PICK,0
data/raw/images/img_03406.jpg,put the object down carefully,PLACE,1
data/raw/images/img_03407.jpg,move the cube away,PUSH,2
data/raw/images/img_03408.jpg,unlock and open the box,OPEN,3
data/raw/images/img_03409.jpg,close the cabinet,CLOSE,4
data/raw/images/img_03410.jpg,pick up the red block,PICK,0
data/raw/images/img_03411.jpg,put the object down carefully,PLACE,1
data/raw/images/img_03412.jpg,move the cube away,PUSH,2
data/raw/images/img_03413.jpg,unlock and open the box,OPEN,3
data/raw/images/img_03414.jpg,close the cabinet,CLOSE,4
data/raw/images/img_03415.jpg,pick up the red block,PICK,0
data/raw/images/img_03416.jpg,put the object down carefully,PLACE,1
data/raw/images/img_03417.jpg,move the cube away,PUSH,2
data/raw/images/img_03418.jpg,unlock and open the box,OPEN,3
data/raw/images/img_03419.jpg,close the cabinet,CLOSE,4
data/raw/images/img_03420.jpg,pick up the red block,PICK,0
data/raw/images/img_03421.jpg,put the object down carefully,PLACE,1
data/raw/images/img_03422.jpg,move the cube away,PUSH,2
data/raw/images/img_03423.jpg,unlock and open the box,OPEN,3
data/raw/images/img_03424.jpg,close the cabinet,CLOSE,4
data/raw/images/img_03425.jpg,pick up the red block,PICK,0
data/raw/images/img_03426.jpg,put the object down carefully,PLACE,1
data/raw/images/img_03427.jpg,move the cube away,PUSH,2
data/raw/images/img_03428.jpg,unlock and open the box,OPEN,3
data/raw/images/img_03429.jpg,close the cabinet,CLOSE,4
data/raw/images/img_03430.jpg,pick up the red block,PICK,0
data/raw/images/img_03431.jpg,put the object down carefully,PLACE,1
data/raw/images/img_03432.jpg,move the cube away,PUSH,2
data/raw/images/img_03433.jpg,unlock and open the box,OPEN,3
data/raw/images/img_03434.jpg,close the cabinet,CLOSE,4
data/raw/images/img_03435.jpg,pick up the red block,PICK,0
data/raw/images/img_03436.jpg,put the object down carefully,PLACE,1
data/raw/images/img_03437.jpg,move the cube away,PUSH,2
data/raw/images/img_03438.jpg,unlock and open the box,OPEN,3
data/raw/images/img_03439.jpg,close the cabinet,CLOSE,4
data/raw/images/img_03440.jpg,pick up the red block,PICK,0
data/raw/images/img_03441.jpg,put the object down carefully,PLACE,1
data/raw/images/img_03442.jpg,move the cube away,PUSH,2
data/raw/images/img_03443.jpg,unlock and open the box,OPEN,3
data/raw/images/img_03444.jpg,close the cabinet,CLOSE,4
data/raw/images/img_03445.jpg,pick up the red block,PICK,0
data/raw/images/img_03446.jpg,put the object down carefully,PLACE,1
data/raw/images/img_03447.jpg,move the cube away,PUSH,2
data/raw/images/img_03448.jpg,unlock and open the box,OPEN,3
data/raw/images/img_03449.jpg,close the cabinet,CLOSE,4
data/raw/images/img_03450.jpg,pick up the red block,PICK,0
data/raw/images/img_03451.jpg,put the object down carefully,PLACE,1
data/raw/images/img_03452.jpg,move the cube away,PUSH,2
data/raw/images/img_03453.jpg,unlock and open the box,OPEN,3
data/raw/images/img_03454.jpg,close the cabinet,CLOSE,4
data/raw/images/img_03455.jpg,pick up the red block,PICK,0
data/raw/images/img_03456.jpg,put the object down carefully,PLACE,1
data/raw/images/img_03457.jpg,move the cube away,PUSH,2
data/raw/images/img_03458.jpg,unlock and open the box,OPEN,3
data/raw/images/img_03459.jpg,close the cabinet,CLOSE,4
data/raw/images/img_03460.jpg,pick up the red block,PICK,0
data/raw/images/img_03461.jpg,put the object down carefully,PLACE,1
data/raw/images/img_03462.jpg,move the cube away,PUSH,2
data/raw/images/img_03463.jpg,unlock and open the box,OPEN,3
data/raw/images/img_03464.jpg,close the cabinet,CLOSE,4
data/raw/images/img_03465.jpg,pick up the red block,PICK,0
data/raw/images/img_03466.jpg,put the object down carefully,PLACE,1
data/raw/images/img_03467.jpg,move the cube away,PUSH,2
data/raw/images/img_03468.jpg,unlock and open the box,OPEN,3
data/raw/images/img_03469.jpg,close the cabinet,CLOSE,4
data/raw/images/img_03470.jpg,pick up the red block,PICK,0
data/raw/images/img_03471.jpg,put the object down carefully,PLACE,1
data/raw/images/img_03472.jpg,move the cube away,PUSH,2
data/raw/images/img_03473.jpg,unlock and open the box,OPEN,3
data/raw/images/img_03474.jpg,close the cabinet,CLOSE,4
data/raw/images/img_03475.jpg,pick up the red block,PICK,0
data/raw/images/img_03476.jpg,put the object down carefully,PLACE,1
data/raw/images/img_03477.jpg,move the cube away,PUSH,2
data/raw/images/img_03478.jpg,unlock and open the box,OPEN,3
data/raw/images/img_03479.jpg,close the cabinet,CLOSE,4
data/raw/images/img_03480.jpg,pick up the red block,PICK,0
data/raw/images/img_03481.jpg,put the object down carefully,PLACE,1
data/raw/images/img_03482.jpg,move the cube away,PUSH,2
data/raw/images/img_03483.jpg,unlock and open the box,OPEN,3
data/raw/images/img_03484.jpg,close the cabinet,CLOSE,4
data/raw/images/img_03485.jpg,pick up the red block,PICK,0
data/raw/images/img_03486.jpg,put the object down carefully,PLACE,1
data/raw/images/img_03487.jpg,move the cube away,PUSH,2
data/raw/images/img_03488.jpg,unlock and open the box,OPEN,3
data/raw/images/img_03489.jpg,close the cabinet,CLOSE,4
data/raw/images/img_03490.jpg,pick up the red block,PICK,0
data/raw/images/img_03491.jpg,put the object down carefully,PLACE,1
data/raw/images/img_03492.jpg,move the cube away,PUSH,2
data/raw/images/img_03493.jpg,unlock and open the box,OPEN,3
data/raw/images/img_03494.jpg,close the cabinet,CLOSE,4
data/raw/images/img_03495.jpg,pick up the red block,PICK,0
data/raw/images/img_03496.jpg,put the object down carefully,PLACE,1
data/raw/images/img_03497.jpg,move the cube away,PUSH,2
data/raw/images/img_03498.jpg,unlock and open the box,OPEN,3
data/raw/images/img_03499.jpg,close the cabinet,CLOSE,4
